ID,name,Team & Contract,Age,Best position,Value,Potential,Overall rating,Wage,Release clause,International reputation,Total stats,Growth,Total movement,Total power,Total mentality,Total skill,Total defending,Total goalkeeping,Total attacking,Position group,Cluster
28130,15 Ronaldinho CAM ST,"Querétaro
2014 ~ 2016",34,CAM,4099999.9999999995,78,78,45000.0,0.0,3,1875,0,313,314,319,430,78,54,367,Midfield,1
240740,C. Hudson-Odoi LM LW RW,"Nottingham Forest
2023 ~ 2026",22,RM,11500000.0,81,76,49000.0,22700000.0,2,1921,5,388,335,291,376,143,58,330,Midfield,1
220139,S. Szmodics CAM ST,"Blackburn Rovers
2022 ~ 2026",27,CAM,6000000.0,75,75,40000.0,11400000.0,1,2003,0,410,356,343,347,141,62,344,Midfield,1
257057,A. Onana CDM CM,"Everton
2022 ~ 2027",21,CDM,15500000.0,83,77,26000.0,32600000.0,1,1954,6,333,369,332,323,227,50,320,Midfield,1
254796,N. Madueke RM RW,"Chelsea
2023 ~ 2030",21,CAM,15000000.0,83,76,60000.0,31500000.0,1,1885,7,416,346,284,368,102,51,318,Midfield,1
263370,V. Barco LM LB LWB,"Brighton & Hove Albion
2024 ~ 2028",18,CAM,7000000.0,85,73,19000.0,14700000.0,1,1887,12,385,273,347,359,204,49,270,Midfield,1
246863,F. Nmecha CM LM,"Borussia Dortmund
2023 ~ 2028",22,CAM,22500000.0,84,78,39000.0,42800000.0,1,2111,6,396,390,360,353,217,49,346,Midfield,1
251570,R. Cherki CAM LW RW,"Olympique Lyonnais
2019 ~ 2025",19,CAM,9000000.0,84,74,16000.0,18900000.0,2,1749,10,368,321,283,386,57,43,291,Midfield,1
235152,F. Kadıoğlu LB RB,"Fenerbahçe
2018 ~ 2026",23,RM,20000000.0,83,78,28000.0,39500000.0,1,2094,5,431,362,331,369,219,50,332,Midfield,1
247246,K. Thuram CM CDM,"Nice
2019 ~ 2025",22,CAM,21500000.0,83,78,38000.0,42500000.0,2,2114,5,363,390,360,366,228,50,357,Midfield,1
239138,Jeong Woo Yeong CAM CF,"VfB Stuttgart
2023 ~ 2026",23,RM,3400000.0,76,72,15000.0,6000000.0,1,1767,4,394,323,277,304,102,41,326,Midfield,1
251954,C. Summerville LM RM,"Leeds United
2020 ~ 2026",21,RM,17000000.0,84,76,31000.0,35700000.0,1,1839,8,425,331,274,336,108,54,311,Midfield,1
260599,A. Varela CDM CM,"Porto
2023 ~ 2028",21,CDM,20000000.0,84,77,10000.0,44000000.0,1,2029,7,356,368,358,351,224,51,321,Midfield,1
261336,J. Philogene RW LW RM,"Hull City
2023 ~ 2027",21,RM,9500000.0,82,74,14000.0,20000000.0,1,1806,8,388,333,269,340,114,47,315,Midfield,1
251804,S. Dest LB RB,"PSV
Jun 30, 2024 On loan",22,RM,20000000.0,83,78,90000.0,0.0,1,2033,5,414,343,328,351,217,61,319,Midfield,1
259356,C. Chukwuemeka CAM CM,"Chelsea
2022 ~ 2028",19,CAM,3300000.0,82,69,22000.0,8300000.000000001,1,1760,13,336,301,301,323,153,54,292,Midfield,1
252259,E. Millot CAM CM CF,"VfB Stuttgart
2021 ~ 2028",20,CAM,12500000.0,83,75,17000.0,23800000.0,1,1921,8,390,301,330,354,180,56,310,Midfield,1
277179,Fermín CM LW CAM,"FC Barcelona
2023 ~ 2027",20,CAM,3500000.0,81,70,41000.0,7900000.0,1,1794,11,382,291,302,319,175,44,281,Midfield,1
256402,C. Alcaraz ST CM CAM,"Juventus
Jun 30, 2024 On loan",20,CAM,6500000.0,84,73,28000.0,0.0,1,1982,11,400,356,340,371,139,48,328,Midfield,1
242530,N. Okafor ST LW CAM,"Milan
2023 ~ 2028",23,CAM,21500000.0,84,77,53000.0,40900000.0,1,1938,7,416,390,294,357,83,50,348,Midfield,1
238067,N. Zaniolo RM CF ST,"Aston Villa
Jun 30, 2024 On loan",23,CAM,19000000.0,82,77,37000.0,0.0,2,2074,3,373,397,364,364,175,48,353,Midfield,1
241811,Sergio Gómez LB,"Manchester City
2022 ~ 2026",22,CAM,9000000.0,83,74,64000.0,18500000.0,1,2052,9,380,338,368,371,212,48,335,Midfield,1
250723,K. Koné CM,"Borussia Mönchengladbach
2021 ~ 2026",22,CAM,17000000.0,84,76,23000.0,32299999.999999996,2,2058,8,377,382,341,359,208,51,340,Midfield,1
261299,A. Scott CM CAM,"AFC Bournemouth
2023 ~ 2028",19,CAM,5500000.0,84,72,18000.0,11600000.0,1,1962,12,389,335,321,363,191,54,309,Midfield,1
237386,K. Dewsbury-Hall CM,"Leicester City
2016 ~ 2027",24,CM,19000000.0,81,78,41000.0,35600000.0,1,2092,3,362,380,361,380,202,53,354,Midfield,1
241925,C. Führich LM LW CAM,"VfB Stuttgart
2021 ~ 2028",25,LM,12500000.0,78,77,25000.0,22200000.0,2,1921,1,405,327,299,370,158,43,319,Midfield,1
242908,J. Clarke LM,"Sunderland
2022 ~ 2026",22,RM,12500000.0,83,75,28000.0,26300000.0,1,1850,8,401,331,306,334,114,44,320,Midfield,1
243478,E. Loiodice CM CDM,"Las Palmas
2020 ~ 2025",22,CM,12500000.0,84,75,17000.0,28800000.0,1,1975,9,353,353,341,368,214,49,297,Midfield,1
251421,B. Johnson RW RM,"Tottenham Hotspur
2023 ~ 2028",22,RM,17000000.0,83,77,68000.0,35700000.0,1,1901,6,404,342,284,325,143,52,351,Midfield,1
252324,Riquelme LM LWB,"Atlético Madrid
2019 ~ 2028",23,CAM,22000000.0,84,78,44000.0,50600000.0,1,1926,6,396,318,316,362,144,48,342,Midfield,1
258467,L. Romero RM,"Almería
Jun 30, 2024 On loan",18,LM,5500000.0,84,72,13000.0,0.0,1,1868,12,399,306,327,320,151,57,308,Midfield,1
260601,E. Zeballos RM RW LW,"Boca Juniors
2020 ~ 2026",21,RM,7000000.0,84,73,12000.0,11900000.0,1,1739,11,415,296,271,339,97,41,280,Midfield,1
236015,M. Gibbs-White CAM CF,"Nottingham Forest
2022 ~ 2027",23,CAM,20000000.0,82,78,56000.0,39500000.0,1,2046,4,385,361,350,381,170,54,345,Midfield,1
268896,H. Larsson CM CDM,"Eintracht Frankfurt
2023 ~ 2028",19,CM,7000000.0,85,73,16000.0,13300000.0,1,1896,12,357,359,331,324,181,48,296,Midfield,1
251806,Q. Timber CM CAM CDM,"Feyenoord
2022 ~ 2026",22,CM,21500000.0,84,77,16000.0,34400000.0,1,2076,7,393,402,357,349,217,44,314,Midfield,1
259240,A. Wharton CDM CM,"Crystal Palace
2024 ~ 2029",19,CM,8500000.0,85,75,16000.0,17900000.0,1,1964,11,364,343,328,354,211,47,317,Midfield,1
261224,Hugo Bueno LWB LB,"Wolverhampton Wanderers
2021 ~ 2028",20,LM,6500000.0,81,73,30000.0,13700000.0,1,1905,8,371,305,318,365,200,51,295,Midfield,1
262113,N. Zalewski LWB LM RM,"Roma
2020 ~ 2025",21,RM,11000000.0,82,75,32000.0,20900000.0,1,2001,7,393,325,346,372,196,45,324,Midfield,1
231448,R. Nelson RW LW,"Arsenal
2016 ~ 2027",23,RM,9000000.0,81,75,74000.0,18500000.0,1,1836,6,402,311,288,355,105,61,314,Midfield,1
235735,E. Ampadu CDM CB CM,"Leeds United
2023 ~ 2027",22,CDM,11000000.0,82,76,33000.0,23100000.0,2,1851,6,349,332,318,294,228,54,276,Midfield,1
246923,J. Ramsey LM CM RM,"Aston Villa
2017 ~ 2027",22,CAM,21500000.0,83,78,66000.0,42500000.0,1,2084,5,399,383,346,355,206,49,346,Midfield,1
252238,A. Velasco LM LW CAM,"Dallas
2022 ~ 2025",20,CAM,12500000.0,84,75,7000.0,20600000.0,1,1956,9,416,340,312,363,155,44,326,Midfield,1
256476,M. Cho ST,"Nice
2024 ~ 2028",19,CAM,5000000.0,83,72,18000.0,10500000.0,1,1681,11,364,333,260,300,65,35,324,Midfield,1
234570,Jota LM RM RW,"Al Ittihad
2023 ~ 2026",24,CAM,10000000.0,79,76,32000.0,16800000.0,2,1912,3,417,338,295,374,94,51,343,Midfield,1
243593,A. Laurienté LW LM,"Sassuolo
2022 ~ 2027",24,CAM,29000000.0,83,80,22000.0,51500000.0,1,1981,3,407,371,285,398,111,63,346,Midfield,1
252308,A. Al Musrati CDM CM,"Beşiktaş
Jun 30, 2024 On loan",27,CDM,21500000.0,81,80,18000.0,0.0,1,1983,1,300,391,362,319,241,45,325,Midfield,1
254088,A. Diallo RM CAM RW,"Manchester United
2021 ~ 2025",20,CAM,9500000.0,83,74,57000.0,20000000.0,1,1757,9,412,314,266,339,66,53,307,Midfield,1
261050,Francisco Conceição RM,"Porto
Jun 30, 2024 On loan",20,LM,21000000.0,84,78,13000.0,0.0,1,1819,7,422,291,280,349,112,51,314,Midfield,1
271916,Bryan Zaragoza RM LM CAM,"FC Bayern München
Jun 30, 2024 On loan",21,RM,9500000.0,84,74,13000.0,0.0,1,1805,10,388,314,272,359,95,47,330,Midfield,1
245541,G. Reyna RM CAM,"Nottingham Forest
Jun 30, 2024 On loan",20,CAM,22000000.0,84,78,33000.0,0.0,2,1934,6,392,370,295,372,107,56,342,Midfield,1
248793,M. Wieffer CDM CM,"Feyenoord
2022 ~ 2027",23,CDM,20500000.0,84,78,15000.0,32799999.999999996,1,2050,6,345,381,356,352,217,52,347,Midfield,1
253108,M. Cham CF RW CAM,"Clermont
2022 ~ 2026",22,CAM,3800000.0,78,72,13000.0,8400000.0,1,1701,6,363,299,265,349,60,46,319,Midfield,1
253177,Y. Musah CM RWB CDM,"Milan
2023 ~ 2028",20,RM,12500000.0,83,75,37000.0,23800000.0,1,2063,8,393,384,350,342,219,51,324,Midfield,1
254566,P. Wimmer RM ST,"VfL Wolfsburg
2022 ~ 2027",22,CAM,17000000.0,83,77,37000.0,32299999.999999996,2,1939,6,406,361,314,336,145,61,316,Midfield,1
256958,Fábio Vieira CAM CM,"Arsenal
2022 ~ 2027",23,CAM,16500000.0,83,77,76000.0,33800000.0,1,1872,6,368,319,308,377,118,48,334,Midfield,1
257084,L. Ugochukwu CM CDM,"Chelsea
2023 ~ 2030",19,CDM,5000000.0,82,72,33000.0,10500000.0,1,1917,10,336,355,319,325,215,57,310,Midfield,1
259849,Gabriel Veron RM LM,"Porto
2022 ~ 2027",20,CAM,12500000.0,84,75,10000.0,27500000.0,1,1739,9,392,300,273,341,75,50,308,Midfield,1
262151,E. Fernández CDM CM,"Boca Juniors
2021 ~ 2025",20,CDM,6500000.0,81,73,10000.0,11100000.0,1,1851,8,355,345,308,313,212,47,271,Midfield,1
271400,Igor Paixão LW RW,"Feyenoord
2022 ~ 2027",23,CAM,16500000.0,83,77,17000.0,26400000.0,1,1926,6,416,367,286,361,87,53,356,Midfield,1
235619,M. Edwards RW LW ST,"Sporting CP
2022 ~ 2026",24,CAM,29000000.0,82,79,17000.0,60200000.0,1,1876,3,436,311,285,368,94,55,327,Midfield,1
235883,R. Sessegnon LB LWB,"Tottenham Hotspur
2019 ~ 2025",23,LM,8000000.0,80,75,49000.0,15800000.0,1,1960,5,382,322,351,323,215,39,328,Midfield,1
236007,E. Barco CAM LM CM,"River Plate
2023 ~ 2026",24,CAM,14500000.0,80,77,18000.0,21400000.0,1,1927,3,413,326,335,386,124,36,307,Midfield,1
237034,Cucho Hernández ST CF LM,"Columbus Crew
2022 ~ 2025",24,CAM,21500000.0,83,78,10000.0,32799999.999999996,1,2026,5,401,388,329,369,127,46,366,Midfield,1
237328,N. Tella RM LM,"Bayer 04 Leverkusen
2023 ~ 2028",23,RM,9000000.0,81,75,36000.0,17100000.0,1,1785,6,409,324,273,317,91,41,330,Midfield,1
250959,A. Stiller CM CDM,"VfB Stuttgart
2023 ~ 2027",22,CM,14500000.0,80,78,23000.0,25700000.0,1,1969,3,353,358,319,368,214,44,313,Midfield,1
252975,B. Traoré CDM CM,"Wolverhampton Wanderers
2023 ~ 2027",21,CDM,4000000.0,82,72,23000.0,8400000.0,1,1856,10,348,336,320,314,200,59,279,Midfield,1
253054,H. Hackney CDM CM,"Middlesbrough
2019 ~ 2027",21,CM,5000000.0,83,72,14000.0,10500000.0,1,1911,11,359,331,337,336,206,63,279,Midfield,1
255069,Nico González CDM CM,"Porto
2023 ~ 2028",21,CDM,11000000.0,82,76,9000.0,24200000.0,1,1958,6,319,362,352,335,210,57,323,Midfield,1
256725,Fábio Carvalho CAM CM LM,"Hull City
Jun 30, 2024 On loan",20,CAM,9500000.0,83,74,53000.0,0.0,1,1793,9,395,297,276,338,130,47,310,Midfield,1
257271,L. Gourna-Douath CDM CM,"Salzburg
2022 ~ 2027",19,CDM,6000000.0,83,73,8000.0,10200000.0,1,1870,10,361,346,325,299,208,46,285,Midfield,1
258775,L. Sučić CAM CM,"Salzburg
2019 ~ 2025",20,CAM,9500000.0,83,74,13000.0,16200000.0,1,1950,9,360,360,322,375,141,55,337,Midfield,1
261082,C. Medina CM,"Boca Juniors
2020 ~ 2027",21,CAM,12500000.0,84,75,14000.0,21300000.0,1,1959,9,381,333,338,344,211,40,312,Midfield,1
264862,M. Akliouche RM CAM CF,"Monaco
2020 ~ 2026",21,CAM,12500000.0,84,75,31000.0,26300000.0,1,1837,9,374,307,299,364,135,40,318,Midfield,1
271577,I. Sulemana CDM CM,"Cagliari
2023 ~ 2027",20,CDM,3300000.0,81,70,9000.0,6600000.0,1,1928,11,376,369,319,305,205,52,302,Midfield,1
272500,C. Baleba CDM CM,"Brighton & Hove Albion
2023 ~ 2028",19,CM,3600000.0,82,71,18000.0,7600000.0,1,1839,12,370,335,313,312,195,52,262,Midfield,1
220673,R. Tapia CDM CM CB,"Celta de Vigo
2020 ~ 2024",27,CDM,16500000.0,79,79,26000.0,34700000.0,1,2093,0,353,393,370,332,244,60,341,Midfield,1
221660,V. Lindelöf CB LB,"Manchester United
2017 ~ 2025",28,CDM,16500000.0,80,79,105000.0,32600000.0,2,1941,1,317,345,342,349,239,52,297,Midfield,1
225782,A. Maitland-Niles RB CM,"Olympique Lyonnais
2023 ~ 2027",25,CM,3500000.0,75,73,23000.0,6900000.0,2,1956,2,362,349,356,328,210,54,297,Midfield,1
231227,N. Dorsch CDM CM,"FC Augsburg
2021 ~ 2026",25,CM,7000000.0,79,75,22000.0,13100000.0,2,2049,4,371,381,348,357,217,40,335,Midfield,1
234060,Y. Herrera CM CDM,"Girona
2023 ~ 2027",25,CM,26500000.0,82,80,32000.0,57600000.0,1,2134,2,342,404,381,362,238,44,363,Midfield,1
239380,N. Lang LW,"PSV
2023 ~ 2028",24,CAM,26500000.0,84,79,21000.0,39100000.0,1,2045,5,422,356,349,369,141,57,351,Midfield,1
242664,A. Saelemaekers RM RW LM,"Bologna
Jun 30, 2024 On loan",24,RM,20000000.0,82,78,52000.0,0.0,1,2019,4,401,343,322,375,195,48,335,Midfield,1
243014,B. Mbeumo RW ST,"Brentford
2019 ~ 2026",23,LM,24000000.0,82,79,59000.0,47400000.0,1,2101,3,407,389,373,370,131,63,368,Midfield,1
248573,J. Dina Ebimbe RM CM RWB,"Eintracht Frankfurt
2023 ~ 2027",22,RM,11500000.0,81,76,30000.0,20400000.0,1,2010,5,394,368,343,334,204,48,319,Midfield,1
266436,Javi Guerra CM CDM,"Valencia
2021 ~ 2027",20,CAM,9000000.0,85,74,21000.0,20700000.0,1,1963,11,334,353,346,341,209,55,325,Midfield,1
212096,V. Grifo LM CF,"SC Freiburg
2019 ~ 2027",30,LM,25000000.0,81,81,38000.0,42500000.0,2,2026,0,379,362,347,418,109,52,359,Midfield,1
226790,W. Ndidi CDM CM,"Leicester City
2017 ~ 2024",26,CDM,18500000.0,80,79,48000.0,34700000.0,2,2066,1,344,377,364,343,237,54,347,Midfield,1
241042,O. Skipp CDM CM,"Tottenham Hotspur
2018 ~ 2027",22,CDM,15000000.0,82,77,56000.0,29600000.0,1,1848,5,344,312,337,322,232,41,260,Midfield,1
243627,Y. Adli CDM CM CAM,"Milan
2021 ~ 2026",22,CM,11000000.0,82,76,41000.0,20900000.0,1,2091,6,363,364,354,390,210,59,351,Midfield,1
248805,Sergio Camello ST,"Rayo Vallecano
2023 ~ 2027",22,CAM,12500000.0,84,75,18000.0,28800000.0,1,1792,9,360,345,283,341,64,56,343,Midfield,1
251377,R. Zalazar CAM CM CDM,"Sporting Braga
2023 ~ 2028",23,CAM,9000000.0,81,75,12000.0,19800000.0,1,2070,6,401,384,349,370,191,40,335,Midfield,1
252027,A. Vranckx CM CDM,"VfL Wolfsburg
2021 ~ 2025",20,CM,8500000.0,81,74,26000.0,16200000.0,1,1993,7,347,372,326,354,209,55,330,Midfield,1
262642,Z. Amdouni ST CAM,"Burnley
2023 ~ 2028",22,CAM,7000000.0,81,72,34000.0,15400000.0,1,1910,9,360,371,319,342,130,51,337,Midfield,1
262880,R. Onyedika CDM CM,"Club Brugge
2022 ~ 2027",22,CDM,10500000.0,83,76,17000.0,17900000.0,1,1946,7,359,388,325,314,216,50,294,Midfield,1
266270,A. Ramsey LM CM CAM,"Burnley
2023 ~ 2028",20,CAM,3800000.0,82,70,18000.0,8400000.0,1,1799,12,360,311,297,341,150,56,284,Midfield,1
191202,N. Matić CDM CM,"Olympique Lyonnais
2024 ~ 2026",34,CDM,7000000.0,80,80,40000.0,13300000.0,3,1987,0,245,375,351,377,231,57,351,Midfield,1
235008,L. Robertone CM CAM CDM,"Almería
2020 ~ 2028",26,CAM,20500000.0,80,79,32000.0,44600000.0,2,2208,1,405,393,381,393,216,61,359,Midfield,1
238227,K. Diatta RM,"Monaco
2021 ~ 2025",24,RM,7500000.0,78,75,36000.0,14800000.0,1,1955,3,416,368,302,338,147,52,332,Midfield,1
240451,J. Beste LM,"Heidenheim
2022 ~ 2025",24,LM,14500000.0,80,77,27000.0,27200000.0,1,2012,3,396,352,320,395,184,50,315,Midfield,1
240709,R. Baku RB RM,"VfL Wolfsburg
2020 ~ 2025",25,RM,13000000.0,80,77,37000.0,23100000.0,2,2114,3,413,385,360,357,220,46,333,Midfield,1
243353,B. Mumba LWB LW RWB,"Plymouth Argyle
2023 ~ 2027",21,RM,4000000.0,79,71,8000.0,8199999.999999999,1,1882,8,421,306,302,318,197,56,282,Midfield,1
246053,J. Gelhardt CAM ST CF,"Leeds United
2020 ~ 2027",21,CAM,3600000.0,79,70,17000.0,7600000.0,1,1761,9,378,356,287,311,73,47,309,Midfield,1
246070,Iván Jaime LM CAM ST,"Porto
2023 ~ 2028",22,CAM,12500000.0,83,75,11000.0,27500000.0,1,1934,8,362,362,309,362,147,50,342,Midfield,1
246785,Bryan Gil LW LM,"Tottenham Hotspur
2021 ~ 2026",22,CAM,17000000.0,83,77,68000.0,35700000.0,1,1767,6,395,250,283,372,93,49,325,Midfield,1
246928,Iván Martín CM CAM RM,"Girona
2023 ~ 2026",24,CAM,28500000.0,83,80,29000.0,62000000.0,1,2060,3,378,332,362,391,205,42,350,Midfield,1
247729,André Almeida CM CAM,"Valencia
2022 ~ 2028",23,CM,9000000.0,81,75,26000.0,20700000.0,1,2001,6,373,342,348,385,200,40,313,Midfield,1
251392,T. Krauß CDM CM,"FSV Mainz 05
2023 ~ 2027",22,CDM,10500000.0,82,75,20000.0,21000000.0,1,1992,7,363,370,369,315,219,43,313,Midfield,1
252794,Adrián Bernabé CAM CDM CM,"Parma
2021 ~ 2026",22,CAM,9500000.0,83,74,5000.0,17100000.0,1,2002,9,381,336,342,380,204,48,311,Midfield,1
254262,Z. Debast CB,"Anderlecht
2019 ~ 2025",19,CDM,6000000.0,84,73,10000.0,10200000.0,1,1859,11,318,337,308,339,222,38,297,Midfield,1
260843,A. Zaroury LM ST,"Hull City
Jun 30, 2024 On loan",22,RM,9500000.0,83,74,34000.0,0.0,1,1792,9,408,340,269,337,67,48,323,Midfield,1
264701,A. Zakharyan LM RM CM,"Real Sociedad
2023 ~ 2029",20,CAM,9500000.0,85,74,19000.0,21900000.0,1,1938,11,369,338,312,373,155,60,331,Midfield,1
271464,Y. Asprilla RW CAM,"Watford
2022 ~ 2026",19,CAM,3400000.0,81,70,12000.0,7100000.0,1,1796,11,355,332,280,339,145,60,285,Midfield,1
198784,A. Oxlade-Chamberlain CM CAM,"Beşiktaş
2023 ~ 2026",29,CAM,13500000.0,78,78,30000.0,25700000.0,2,2100,0,403,369,374,371,207,49,327,Midfield,1
260779,S. Adingra RM LM,"Brighton & Hove Albion
2022 ~ 2026",21,CAM,11500000.0,82,76,47000.0,24200000.0,1,1778,7,415,305,274,332,89,51,312,Midfield,1
272874,A. Engels CM CDM,"FC Augsburg
2023 ~ 2027",19,CM,5000000.0,83,72,11000.0,10000000.0,1,1965,11,358,347,337,360,186,56,321,Midfield,1
225663,A. Golovin CF LM,"Monaco
2018 ~ 2026",27,CAM,23000000.0,80,80,63000.0,43700000.0,3,2139,0,398,367,368,405,183,66,352,Midfield,1
225748,T. Cantwell CAM CM RM,"Rangers
2023 ~ 2027",25,CAM,7500000.0,78,75,44000.0,14100000.0,1,1826,3,373,298,299,357,121,63,315,Midfield,1
231102,L. Blas RW RM CAM,"Rennes
2023 ~ 2027",25,CAM,12500000.0,78,77,46000.0,24700000.0,2,2073,1,376,369,353,383,170,64,358,Midfield,1
234112,Dodô RB,"Fiorentina
2022 ~ 2027",24,RM,14000000.0,81,77,39000.0,24900000.0,1,2036,4,416,337,345,345,217,57,319,Midfield,1
235149,J. Schouten CDM CM CB,"PSV
2023 ~ 2028",26,CDM,19500000.0,81,79,20000.0,28800000.0,1,1921,2,339,338,343,322,231,43,305,Midfield,1
236920,J. Kluivert RM LM CAM,"AFC Bournemouth
2023 ~ 2028",24,RM,16000000.0,82,77,41000.0,31600000.0,1,1919,5,411,355,305,354,108,44,342,Midfield,1
238896,Pepê RM CAM LM,"Porto
2021 ~ 2027",26,RM,23000000.0,80,80,18000.0,46000000.0,1,1967,0,410,315,338,343,175,52,334,Midfield,1
239810,N. Raskin CM CDM,"Rangers
2023 ~ 2028",22,CM,12500000.0,84,75,40000.0,25000000.0,1,2053,9,383,365,344,359,216,59,327,Midfield,1
240507,A. Gomes CM CAM CDM,"LOSC Lille
2020 ~ 2025",22,CAM,15000000.0,83,76,26000.0,31500000.0,1,2110,7,405,359,354,370,216,63,343,Midfield,1
241928,A. Sambi Lokonga CM CDM,"Luton Town
Jun 30, 2024 On loan",23,CM,8500000.0,80,75,67000.0,0.0,1,1955,5,341,345,326,373,203,49,318,Midfield,1
242816,Riqui Puig CM CAM,"LA Galaxy
2022 ~ 2025",23,CAM,16000000.0,83,78,9000.0,25200000.0,1,1915,5,385,297,330,362,166,62,313,Midfield,1
242914,K. Nakamura LW LM,"Stade de Reims 
2023 ~ 2028",22,CAM,8500000.0,81,74,20000.0,18700000.0,1,1917,7,371,369,307,369,114,50,337,Midfield,1
246113,Adrià Pedrosa LB LWB,"Sevilla
2023 ~ 2028",25,LM,10000000.0,81,76,22000.0,21800000.0,1,2020,5,413,350,331,334,210,60,322,Midfield,1
247641,Tetê RM,"Galatasaray
2023 ~ 2027",23,CAM,8500000.0,80,75,31000.0,16800000.0,1,1846,5,390,327,294,358,107,43,327,Midfield,1
250789,D. Bakwa RM RW LW,"Strasbourg
2023 ~ 2027",20,LM,9500000.0,81,74,15000.0,20900000.0,1,1759,8,394,341,258,334,81,45,306,Midfield,1
251470,C. De Ketelaere CAM ST CF,"Atalanta
Jun 30, 2024 On loan",22,CAM,22500000.0,84,78,52000.0,0.0,1,2058,6,364,387,338,384,157,49,379,Midfield,1
253283,F. Pellistri RW RM,"Granada
Jun 30, 2024 On loan",21,RM,4200000.0,81,71,45000.0,0.0,1,1830,10,407,327,302,334,105,43,312,Midfield,1
255009,K. Taylor CM CAM LM,"Ajax
2018 ~ 2027",21,CAM,7000000.0,81,73,10000.0,11200000.0,1,1977,8,362,358,333,371,175,44,334,Midfield,1
255971,S. Hezze CDM CM,"Huracán
2020 ~ 2024",21,CM,12000000.0,83,76,9000.0,20400000.0,1,1917,8,346,362,337,304,212,56,300,Midfield,1
256035,K. Sulemana LW LM ST,"Southampton
2023 ~ 2027",21,RM,6000000.0,80,73,28000.0,12600000.0,1,1799,7,424,330,266,343,80,52,304,Midfield,1
256632,Luis Henrique LW LM,"Olympique de Marseille
2020 ~ 2025",21,RM,4400000.0,76,73,24000.0,8700000.0,1,1842,4,360,378,287,326,105,46,340,Midfield,1
257279,Álex Baena LM ST,"Villarreal
2019 ~ 2028",21,CAM,17000000.0,83,77,23000.0,39100000.0,1,2062,6,369,356,363,379,197,48,350,Midfield,1
257540,A. Knauff RM LM,"Eintracht Frankfurt
2023 ~ 2027",21,RM,11500000.0,81,76,25000.0,20400000.0,2,1904,5,400,335,310,322,150,55,332,Midfield,1
190765,P. Groß CM CDM RB,"Brighton & Hove Albion
2017 ~ 2025",32,CM,16500000.0,80,80,88000.0,31400000.0,2,2096,0,321,373,367,406,202,65,362,Midfield,1
201455,G. Kondogbia CM CDM,"Olympique de Marseille
2023 ~ 2027",30,CDM,20000000.0,79,79,47000.0,38000000.0,2,2161,0,346,430,376,364,242,53,350,Midfield,1
208421,Saúl CM,"Atlético Madrid
2013 ~ 2026",28,CM,21000000.0,79,79,61000.0,44100000.0,3,2158,0,356,389,380,374,229,51,379,Midfield,1
218339,M. Dahoud CM CDM,"VfB Stuttgart
Jun 30, 2024 On loan",27,CM,11000000.0,76,76,71000.0,0.0,2,2012,0,376,352,350,371,192,53,318,Midfield,1
257876,N. Seiwald CM CDM,"RB Leipzig
2023 ~ 2028",22,CM,17000000.0,84,76,38000.0,32299999.999999996,1,2033,8,379,366,348,354,219,41,326,Midfield,1
258171,H. Mejbri CM CAM,"Sevilla
Jun 30, 2024 On loan",20,CM,3000000.0,80,69,30000.0,0.0,1,1944,11,366,344,345,348,199,42,300,Midfield,1
260876,M. Kjaergaard CM,"Salzburg
2019 ~ 2026",20,CAM,5000000.0,82,72,10000.0,8500000.0,1,2005,10,360,375,347,355,187,46,335,Midfield,1
261539,M. Keita CDM CM,"Antwerp
Jun 30, 2024 On loan",21,CDM,12000000.0,83,75,10000.0,0.0,1,1978,8,378,391,335,328,217,52,277,Midfield,1
263815,Abner LB,"Real Betis
2023 ~ 2029",23,LM,6500000.0,82,73,14000.0,15000000.0,1,1906,9,383,303,315,334,208,57,306,Midfield,1
263929,M. Cancellieri LW CF,"Empoli
Jun 30, 2024 On loan",20,CAM,6500000.0,83,73,28000.0,0.0,1,1889,10,391,347,289,367,114,52,329,Midfield,1
264207,I. Koné CM,"Watford
2023 ~ 2025",21,CM,4200000.0,80,71,16000.0,8800000.0,1,1851,9,345,355,298,337,182,49,285,Midfield,1
270571,Gabriel Sara CM CDM RM,"Norwich City
2022 ~ 2026",24,CAM,12000000.0,85,78,30000.0,25200000.0,1,2078,6,371,403,338,383,171,53,359,Midfield,1
271019,G. Fabbian CM CAM,"Bologna
2023 ~ 2028",20,CAM,5000000.0,83,72,16000.0,9500000.0,1,1942,11,358,344,331,351,177,38,343,Midfield,1
230767,Renato Sanches CM RM,"Roma
Jun 30, 2024 On loan",25,CAM,18500000.0,81,78,68000.0,0.0,3,2165,3,407,398,381,374,211,50,344,Midfield,1
232104,D. James RM LM ST,"Leeds United
2021 ~ 2026",25,RM,6500000.0,76,75,38000.0,12800000.0,1,1915,1,428,332,324,331,131,48,321,Midfield,1
234078,O. Mangala CM CDM,"Olympique Lyonnais
Jun 30, 2024 On loan",25,CM,10000000.0,79,76,54000.0,0.0,2,1978,3,382,358,333,355,221,37,292,Midfield,1
239096,A. Karazor CDM CM CB,"VfB Stuttgart
2019 ~ 2026",26,CDM,5500000.0,76,76,21000.0,9400000.0,1,1667,0,276,300,292,275,226,44,254,Midfield,1
239367,R. Hack LM ST,"Borussia Mönchengladbach
2023 ~ 2027",24,RM,7500000.0,77,76,22000.0,13300000.0,1,1818,2,407,318,263,355,93,45,337,Midfield,1
239529,F. Onyeka CDM CM,"Brentford
2021 ~ 2027",25,CDM,3800000.0,77,73,34000.0,7500000.0,1,1927,4,377,341,343,304,208,51,303,Midfield,1
240017,A. Skov Olsen RM CAM RW,"Club Brugge
2022 ~ 2026",23,LM,21000000.0,83,78,22000.0,33100000.0,1,1989,5,391,381,306,387,107,46,371,Midfield,1
243134,L. Ramazani RM LM ST,"Almería
2020 ~ 2025",22,RM,6000000.0,80,73,18000.0,13800000.0,2,1784,7,424,297,302,320,94,46,301,Midfield,1
243606,K. Lewis-Potter LW ST LWB,"Brentford
2022 ~ 2028",22,RM,5500000.0,80,72,33000.0,11600000.0,1,1869,8,389,342,303,331,123,57,324,Midfield,1
245253,L. Barreiro Martins CM CDM,"FSV Mainz 05
2018 ~ 2024",23,CM,12000000.0,82,76,23000.0,24000000.0,2,1955,6,394,318,344,337,219,41,302,Midfield,1
246459,M. Daramy LW ST,"Stade de Reims 
2023 ~ 2028",21,RM,9500000.0,82,74,17000.0,20900000.0,1,1800,8,410,355,273,324,72,49,317,Midfield,1
247495,Moncayola CM CDM RB,"Osasuna
2017 ~ 2031",25,CM,20500000.0,83,78,29000.0,44600000.0,1,1982,5,335,344,352,352,227,50,322,Midfield,1
248729,G. Isaksen RW ST CF,"Lazio
2023 ~ 2028",22,LM,9500000.0,82,74,35000.0,18100000.0,1,1808,8,416,315,281,327,111,40,318,Midfield,1
252796,M. Whittaker RW RM,"Plymouth Argyle
2023 ~ 2026",22,CAM,5500000.0,80,72,13000.0,11300000.0,1,1804,8,367,349,278,338,101,53,318,Midfield,1
253150,M. Trésor LM LW CAM,"Burnley
Jun 30, 2024 On loan",24,CAM,11000000.0,78,74,15000.0,0.0,1,1904,4,393,320,319,385,108,58,321,Midfield,1
254544,Reinier CAM LW RW,"Frosinone
Jun 30, 2024 On loan",21,CAM,4200000.0,81,71,51000.0,0.0,1,1828,10,356,337,290,340,126,50,329,Midfield,1
254551,G. Mikautadze ST,"Metz
Jun 30, 2024 On loan",22,CAM,12500000.0,83,76,15000.0,0.0,1,1945,8,398,367,310,361,113,42,354,Midfield,1
193061,R. Pereyra CM CF,"Udinese
2023 ~ 2024",32,CAM,11000000.0,78,78,20000.0,19800000.0,2,2109,0,383,371,369,392,207,24,363,Midfield,1
208450,Andreas Pereira CAM,"Fulham
2022 ~ 2026",27,CAM,11000000.0,77,77,71000.0,20900000.0,1,2132,0,379,370,378,396,196,53,360,Midfield,1
213655,A. Iwobi RM LM CM,"Fulham
2023 ~ 2028",27,RM,11000000.0,77,77,71000.0,20900000.0,2,1937,0,373,370,324,343,166,58,303,Midfield,1
220659,J. Brownhill CM CAM CDM,"Burnley
2020 ~ 2024",27,CDM,6000000.0,75,75,42000.0,12000000.0,1,2067,0,359,384,351,364,218,47,344,Midfield,1
224158,S. Amrabat CDM CM,"Manchester United
Jun 30, 2024 On loan",26,CDM,20500000.0,82,79,53000.0,0.0,1,2085,3,347,382,359,370,226,60,341,Midfield,1
264349,J. McAtee RM CM,"Sheffield United
Jun 30, 2024 On loan",20,CAM,3500000.0,80,70,37000.0,0.0,1,1721,10,337,319,264,340,129,45,287,Midfield,1
264698,Luiz Henrique RM LM,"Real Betis
2022 ~ 2028",22,LM,23500000.0,85,77,21000.0,54100000.0,1,1939,8,385,353,308,331,157,50,355,Midfield,1
266609,T. Iroegbunam CDM CM,"Aston Villa
2021 ~ 2027",20,CDM,2900000.0,78,69,20000.0,6100000.0,1,1819,9,326,335,313,306,200,49,290,Midfield,1
268534,A. Diouf CM CDM,"Lens
2023 ~ 2028",20,CAM,9000000.0,82,74,21000.0,18900000.0,1,2016,8,370,374,344,355,201,57,315,Midfield,1
240699,N. De la Cruz CM RM,"River Plate
2017 ~ 2025",26,CAM,20500000.0,80,79,24000.0,30200000.0,2,2204,1,427,378,379,397,212,40,371,Midfield,1
240753,A. Gouiri LW ST LM,"Rennes
2022 ~ 2027",23,CAM,19000000.0,81,78,45000.0,37500000.0,2,2025,3,378,387,340,384,118,42,376,Midfield,1
240787,H. Traorè LM LW CAM,"Napoli
Jun 30, 2024 On loan",23,CAM,11000000.0,80,76,38000.0,0.0,1,1982,4,385,342,310,366,181,55,343,Midfield,1
241508,M. Damsgaard CAM LW CM,"Brentford
2022 ~ 2027",22,CAM,11500000.0,82,75,40000.0,24200000.0,2,1976,7,400,342,325,376,181,48,304,Midfield,1
241509,Mauro Júnior LB RB CAM,"PSV
2017 ~ 2025",24,LM,8000000.0,80,75,13000.0,11800000.0,1,2041,5,406,304,362,381,202,48,338,Midfield,1
242619,C. Doucouré CDM CM,"Crystal Palace
2022 ~ 2026",23,CDM,24500000.0,84,79,37000.0,48400000.0,1,1958,5,343,340,350,336,232,63,294,Midfield,1
252059,S. Abdul Samed CDM CM,"Lens
2022 ~ 2028",23,CDM,9500000.0,79,76,26000.0,18800000.0,1,1842,3,333,331,332,294,221,51,280,Midfield,1
254120,T. Doyle CM,"Wolverhampton Wanderers
Jun 30, 2024 On loan",21,CAM,4200000.0,82,71,43000.0,0.0,1,1923,11,357,339,325,355,185,54,308,Midfield,1
255272,K. Paredes LM,"VfL Wolfsburg
2022 ~ 2026",20,LM,5000000.0,82,72,21000.0,9500000.0,1,1754,10,405,254,297,302,175,51,270,Midfield,1
256115,L. Samardžić CM CAM,"Udinese
2021 ~ 2026",21,CAM,9500000.0,83,74,12000.0,19000000.0,1,1940,9,366,348,304,371,176,65,310,Midfield,1
257191,A. Stach CM CDM CF,"TSG Hoffenheim
2023 ~ 2027",24,CM,14500000.0,80,77,30000.0,25700000.0,2,2055,3,328,408,361,361,215,47,335,Midfield,1
257899,K. Fujimoto CAM,"Gil Vicente
2020 ~ 2025",24,CAM,4600000.0,77,72,9000.0,10000000.0,1,1879,5,382,310,308,356,157,59,307,Midfield,1
258483,D. Neil CM CDM,"Sunderland
2019 ~ 2026",21,CM,4200000.0,82,71,16000.0,8800000.0,1,1931,11,357,358,339,320,199,48,310,Midfield,1
261987,Antonio Blanco CDM CM,"Deportivo Alavés
2023 ~ 2027",22,CDM,9000000.0,82,74,16000.0,21600000.0,1,1804,8,295,296,348,334,215,52,264,Midfield,1
197781,Isco CAM LM CM,"Real Betis
2023 ~ 2027",31,CAM,21500000.0,81,81,32000.0,45200000.0,3,2049,0,374,334,352,410,171,51,357,Midfield,1
199189,R. Barkley CM CAM,"Luton Town
2023 ~ 2024",29,CAM,7500000.0,76,76,46000.0,15000000.0,2,2019,0,334,379,343,381,183,51,348,Midfield,1
228946,M. Svanberg CM CDM,"VfL Wolfsburg
2022 ~ 2027",24,CAM,14500000.0,80,77,37000.0,25700000.0,2,1979,3,371,366,343,362,193,46,298,Midfield,1
229752,D. Sow CM CDM,"Sevilla
2023 ~ 2028",26,CM,16500000.0,79,78,29000.0,35900000.0,2,2100,1,384,374,363,365,226,42,346,Midfield,1
234741,G. Hamer CM,"Sheffield United
2023 ~ 2027",26,CM,7000000.0,77,75,32000.0,14500000.0,1,2099,2,375,379,367,367,213,45,353,Midfield,1
235456,J. Bellegarde CM CDM LW,"Wolverhampton Wanderers
2023 ~ 2028",25,RM,8000000.0,79,75,51000.0,15800000.0,2,2063,4,409,358,346,360,209,60,321,Midfield,1
235569,T. Ndombele CM CDM CAM,"Galatasaray
Jun 30, 2024 On loan",26,CAM,12500000.0,78,77,71000.0,0.0,2,2042,1,362,347,352,384,208,46,343,Midfield,1
235813,R. Marin CM CDM,"Empoli
Jun 30, 2024 On loan",27,CM,8500000.0,77,76,25000.0,0.0,1,2095,1,361,381,365,381,203,47,357,Midfield,1
235997,Fran Beltrán CDM CM,"Celta de Vigo
2018 ~ 2026",24,CDM,18500000.0,81,77,20000.0,40200000.0,1,1954,4,346,317,335,340,238,55,323,Midfield,1
236496,M. Guendouzi CM CF,"Lazio
Jun 30, 2024 On loan",24,CM,25000000.0,83,79,38000.0,0.0,2,2143,4,381,385,388,377,220,49,343,Midfield,1
236632,David Neres RM CAM LM,"Benfica
2022 ~ 2027",26,RM,23000000.0,80,80,18000.0,46000000.0,3,1990,0,425,361,319,371,122,48,344,Midfield,1
238058,C. O'Hare CAM,"Coventry City
2020 ~ 2024",25,CAM,6000000.0,79,74,35000.0,11900000.0,1,1982,5,401,315,357,342,188,58,321,Midfield,1
238463,A. Haidara CM CDM,"RB Leipzig
2019 ~ 2026",25,CM,23000000.0,82,79,53000.0,40800000.0,2,2057,3,363,367,363,376,209,43,336,Midfield,1
239778,J. Moder CM CDM LM,"Brighton & Hove Albion
2020 ~ 2025",24,CAM,4600000.0,78,73,47000.0,9100000.0,1,2000,5,328,366,351,361,206,62,326,Midfield,1
180403,Willian LM RM,"Fulham
2022 ~ 2024",34,CAM,4900000.0,77,77,71000.0,9300000.0,3,1975,0,385,332,335,398,148,59,318,Midfield,1
261171,I. Miramón CDM CM,"LOSC Lille
2023 ~ 2028",20,CDM,3300000.0,80,70,11000.0,6900000.0,1,1844,10,343,333,309,313,209,54,283,Midfield,1
261188,I. Ndiaye CF ST,"Olympique de Marseille
2023 ~ 2028",23,CAM,8500000.0,80,75,32000.0,16800000.0,1,1846,5,407,344,299,340,98,46,312,Midfield,1
262088,H. Haraldsson LM CAM LW,"LOSC Lille
2023 ~ 2028",20,CAM,6500000.0,83,74,18000.0,13700000.0,1,1934,10,387,321,343,345,174,51,313,Midfield,1
265552,D. Ouattara RM LM,"AFC Bournemouth
2023 ~ 2028",21,LM,5500000.0,81,72,23000.0,11600000.0,1,1839,9,381,325,305,331,125,52,320,Midfield,1
266097,Geny Catamo RW RM RWB,"Sporting CP
2020 ~ 2028",22,LM,15000000.0,83,78,13000.0,33000000.0,1,1950,7,406,338,317,338,191,44,316,Midfield,1
267991,M. Perrone CM CDM,"Las Palmas
Jun 30, 2024 On loan",20,CM,4500000.0,83,71,43000.0,0.0,1,1843,12,344,322,318,314,204,56,285,Midfield,1
273106,Danilo CDM CM,"Nottingham Forest
2023 ~ 2029",22,CDM,10500000.0,81,76,44000.0,20700000.0,1,1930,5,370,340,338,327,215,41,299,Midfield,1
241496,T. Weah RM RWB RB,"Juventus
2023 ~ 2028",23,RM,6500000.0,79,74,60000.0,11500000.0,2,2010,5,402,365,326,329,185,57,346,Midfield,1
245741,J. Lindstrøm CAM RM CF,"Napoli
2023 ~ 2028",23,CAM,12000000.0,82,76,39000.0,22800000.0,2,1893,6,403,334,312,347,129,58,310,Midfield,1
246350,E. Le Fée CM LM,"Rennes
2023 ~ 2028",23,CM,16500000.0,83,77,38000.0,34700000.0,2,1922,6,366,296,333,382,188,56,301,Midfield,1
246646,M. Caqueret CM CDM,"Olympique Lyonnais
2018 ~ 2026",23,CDM,15000000.0,81,77,30000.0,29600000.0,2,2041,4,401,337,367,364,225,45,302,Midfield,1
246791,M. Solomon LW LM,"Tottenham Hotspur
2023 ~ 2028",23,CAM,16000000.0,82,77,68000.0,31600000.0,1,1891,5,398,342,270,384,132,55,310,Midfield,1
248231,H. López Muñoz CAM RM LM,"Godoy Cruz
2023 ~ 2026",22,CAM,8500000.0,78,73,9000.0,14500000.0,1,1813,7,420,299,284,347,113,52,298,Midfield,1
253130,Robert Navarro LM CM,"Cádiz
Jun 30, 2024 On loan",21,CAM,5500000.0,80,72,16000.0,0.0,1,1809,8,371,322,307,334,96,61,318,Midfield,1
255434,J. Enciso LM CAM RM,"Brighton & Hove Albion
2022 ~ 2026",19,CAM,4000000.0,82,71,24000.0,8400000.0,1,1715,11,374,298,289,320,95,50,289,Midfield,1
255742,R. Hatate CM CAM,"Celtic
2022 ~ 2028",25,CAM,10000000.0,79,76,46000.0,18800000.0,1,2039,3,398,359,349,362,192,38,341,Midfield,1
256408,S. Simón RB RM CM,"River Plate
2021 ~ 2026",21,CAM,5000000.0,80,72,9000.0,8000000.0,1,1965,8,374,350,333,345,203,53,307,Midfield,1
256853,M. Tillman CAM CM LW,"PSV
Jun 30, 2024 On loan",21,CAM,17000000.0,84,76,36000.0,0.0,1,1976,8,398,355,323,335,176,52,337,Midfield,1
257290,João Mário RB,"Porto
2018 ~ 2027",23,RM,15000000.0,82,77,11000.0,31100000.0,1,2021,5,405,352,344,327,206,46,341,Midfield,1
258937,Aimar Oroz CM CAM,"Osasuna
2019 ~ 2026",21,CAM,12500000.0,83,75,19000.0,28800000.0,1,1927,8,342,358,333,349,162,44,339,Midfield,1
259516,Johnny Cardoso CDM CM,"Real Betis
2024 ~ 2029",21,CM,6500000.0,82,73,12000.0,15000000.0,1,1933,9,355,331,322,347,217,51,310,Midfield,1
259868,P. Sarr CM CDM,"Tottenham Hotspur
2021 ~ 2030",20,CM,16500000.0,83,77,52000.0,34700000.0,1,2016,6,365,362,345,341,221,52,330,Midfield,1
210315,Raúl De Tomás ST,"Rayo Vallecano
2022 ~ 2027",28,CAM,11000000.0,77,77,24000.0,23100000.0,2,2024,0,384,376,349,384,103,51,377,Midfield,1
210513,J. Quintero CAM RW,"Racing Club
2023 ~ 2025",30,CAM,10000000.0,77,77,20000.0,15000000.0,2,1958,0,371,326,330,409,114,59,349,Midfield,1
212207,N. Stanciu CM CAM,"Damac
2023 ~ 2025",30,CM,10000000.0,77,77,24000.0,16500000.0,2,2131,0,408,376,348,398,182,56,363,Midfield,1
212269,R. Bazoer CB CDM CM,"AZ Alkmaar
2022 ~ 2025",26,CDM,6000000.0,76,75,10000.0,9500000.0,2,2055,1,345,378,337,366,224,53,352,Midfield,1
215449,R. Skov RWB LWB RM,"TSG Hoffenheim
2019 ~ 2024",27,LM,4400000.0,75,74,26000.0,7800000.0,1,2130,1,371,376,356,395,205,70,357,Midfield,1
219683,C. Tolisso CDM CM,"Olympique Lyonnais
2022 ~ 2027",28,CDM,6500000.0,76,76,31000.0,12400000.0,3,2065,0,312,384,361,369,220,54,365,Midfield,1
220710,H. Wilson RM RW,"Fulham
2021 ~ 2026",26,RM,6000000.0,75,75,63000.0,11400000.0,1,1963,0,387,354,311,386,129,51,345,Midfield,1
222558,R. Karsdorp RM RWB RB,"Roma
2017 ~ 2025",28,RM,10500000.0,77,77,58000.0,17900000.0,2,2110,0,375,388,355,359,221,65,347,Midfield,1
224081,K. Phillips CDM CM,"West Ham United
Jun 30, 2024 On loan",27,CDM,11000000.0,78,77,90000.0,0.0,2,2038,1,354,366,353,357,232,50,326,Midfield,1
229857,S. Sensi CM CAM,"Inter
2020 ~ 2024",27,CM,15000000.0,78,78,70000.0,25500000.0,1,2037,0,385,312,357,408,204,48,323,Midfield,1
230658,Arthur CM CDM,"Fiorentina
Jun 30, 2024 On loan",26,CM,16500000.0,79,78,90000.0,0.0,2,2080,1,377,345,360,390,216,55,337,Midfield,1
231969,R. Malinovskyi CM CF,"Genoa
2024 ~ 2026",30,CM,13500000.0,78,78,28000.0,24300000.0,3,2185,0,367,420,384,408,177,52,377,Midfield,1
232999,T. Adams CDM CM,"AFC Bournemouth
2023 ~ 2028",24,CDM,12500000.0,79,77,37000.0,24700000.0,3,1934,2,397,329,347,306,232,46,277,Midfield,1
234153,Carlos Soler CM,"Paris Saint Germain
2022 ~ 2027",26,CAM,16500000.0,79,78,71000.0,31800000.0,2,2135,1,376,372,378,393,210,51,355,Midfield,1
234906,H. Aouar CM LM,"Roma
2023 ~ 2028",25,CAM,8000000.0,79,75,47000.0,14200000.0,2,2035,4,373,343,360,386,188,48,337,Midfield,1
234943,F. Neuhaus CM,"Borussia Mönchengladbach
2017 ~ 2027",26,CM,12500000.0,78,77,29000.0,22200000.0,2,2020,1,365,363,331,374,197,53,337,Midfield,1
193082,J. Cuadrado RM RB RW,"Inter
2023 ~ 2024",35,RM,7000000.0,79,79,57000.0,11900000.0,3,2175,0,410,368,364,400,232,38,363,Midfield,1
195202,T. Cairney CM CDM CAM,"Fulham
2015 ~ 2025",32,CM,6000000.0,76,76,66000.0,11400000.0,1,1994,0,336,351,340,382,182,46,357,Midfield,1
207439,L. Paredes CM CDM,"Roma
2023 ~ 2025",29,CM,13500000.0,78,78,62000.0,23000000.0,3,2098,0,335,377,368,408,222,48,340,Midfield,1
268889,Álvaro Fernández LWB LM LB,"Benfica
Jun 30, 2024 On loan",20,LM,3700000.0,82,70,31000.0,0.0,1,1853,12,361,319,321,338,179,46,289,Midfield,1
269922,D. Huseinbašić CM CDM,"FC Köln
2022 ~ 2025",21,CM,3600000.0,80,70,11000.0,7200000.0,1,1786,10,336,325,324,287,181,53,280,Midfield,1
270107,L. Langoni RM ST RW,"Boca Juniors
2022 ~ 2027",21,RM,5500000.0,83,72,10000.0,9400000.0,1,1809,11,420,337,279,319,107,48,299,Midfield,1
271197,L. Banda LW,"Lecce
2022 ~ 2026",22,RM,5500000.0,80,72,12000.0,11000000.0,1,1736,8,410,295,257,324,85,52,313,Midfield,1
278069,L. Palma LW,"Celtic
2023 ~ 2028",23,CAM,6500000.0,80,74,41000.0,13000000.0,1,1916,6,376,359,306,381,99,51,344,Midfield,1
253407,S. Greenwood LM CAM,"Middlesbrough
Jun 30, 2024 On loan",21,CAM,3100000.0,80,69,14000.0,0.0,1,1887,11,340,346,321,357,162,52,309,Midfield,1
255125,A. Ounahi CM,"Olympique de Marseille
2023 ~ 2027",23,CM,8500000.0,79,74,29000.0,16800000.0,1,1914,5,345,342,329,352,187,48,311,Midfield,1
255351,R. Villagra CDM CM,"River Plate
2024 ~ 2027",22,CDM,10500000.0,82,75,14000.0,16800000.0,1,1889,7,357,328,331,324,226,46,277,Midfield,1
255566,Samú Costa CDM CM,"Mallorca
2023 ~ 2028",22,CDM,9000000.0,82,74,17000.0,20700000.0,1,1880,8,324,368,329,306,212,48,293,Midfield,1
256782,S. Nanasi LM CAM RM,"Malmö FF
2018 ~ 2025",21,CAM,5500000.0,80,72,5000.0,8300000.000000001,1,1772,9,378,316,298,341,96,43,300,Midfield,1
257075,P. Nebel CAM CM,"Karlsruher SC
Jun 30, 2024 On loan",20,CAM,3500000.0,80,70,11000.0,0.0,1,1683,10,386,309,253,323,85,45,282,Midfield,1
257186,A. Jashari CDM CM,"Luzern
2020 ~ 2026",20,CM,4800000.0,82,72,6000.0,7900000.0,1,1941,11,362,365,333,337,191,47,306,Midfield,1
257208,M. Balikwisha LM LW CM,"Antwerp
2021 ~ 2026",22,CAM,7000000.0,80,74,22000.0,11900000.0,1,1915,6,399,332,329,338,153,49,315,Midfield,1
257919,R. Reitz CM,"Borussia Mönchengladbach
2020 ~ 2028",21,CM,6000000.0,80,73,16000.0,11400000.0,1,1949,7,345,329,344,340,211,47,333,Midfield,1
258619,J. Lepenant CDM CM,"Olympique Lyonnais
2022 ~ 2027",20,CDM,4300000.0,79,73,17000.0,9000000.0,1,1860,6,368,330,305,318,212,46,281,Midfield,1
259011,Zito Luvumbo CF LM RM,"Cagliari
2020 ~ 2027",21,LM,5500000.0,83,72,15000.0,11000000.0,1,1901,11,436,345,308,321,133,43,315,Midfield,1
259205,N. Ahamada CM CAM RW,"Crystal Palace
2023 ~ 2026",21,CAM,3600000.0,78,70,15000.0,7600000.0,1,1831,8,367,325,314,307,180,43,295,Midfield,1
259789,K. Zenón LM CM,"Boca Juniors
2024 ~ 2028",21,LM,4800000.0,79,72,10000.0,8199999.999999999,1,1973,7,392,353,317,366,193,46,306,Midfield,1
260247,M. Rogers LM CF LW,"Aston Villa
2024 ~ 2029",20,RM,3100000.0,80,69,23000.0,6500000.0,1,1797,11,350,347,293,308,140,53,306,Midfield,1
260397,Yang Hyun Jun RW LW,"Celtic
2023 ~ 2028",21,CAM,3100000.0,80,69,19000.0,6200000.0,1,1787,11,379,330,279,328,113,53,305,Midfield,1
263468,Y. Kechta CM CDM,"Le Havre
2019 ~ 2026",21,CM,4200000.0,79,71,9000.0,9200000.0,1,1839,8,338,308,317,342,194,48,292,Midfield,1
265195,E. Jelert RB LB,"København
2021 ~ 2027",20,RM,3900000.0,81,71,10000.0,5900000.0,1,1917,10,403,333,326,317,198,48,292,Midfield,1
268462,D. Boloca CM CDM,"Sassuolo
2023 ~ 2028",24,CM,6000000.0,78,74,14000.0,10700000.0,1,1874,4,329,353,321,340,187,47,297,Midfield,1
268868,Tiago Gouveia RM LM LW,"Benfica
2020 ~ 2028",22,CAM,9500000.0,82,74,11000.0,20900000.0,1,1784,9,391,324,284,327,100,62,296,Midfield,1
236593,C. Stengs CAM RW,"Feyenoord
2023 ~ 2027",24,CAM,15000000.0,81,77,16000.0,22100000.0,2,1942,4,364,342,325,372,158,47,334,Midfield,1
236898,M. Aebischer CDM CM RM,"Bologna
2022 ~ 2026",26,CDM,6000000.0,76,75,27000.0,10700000.0,1,2021,1,358,375,331,354,215,58,330,Midfield,1
237161,S. Longstaff CM,"Newcastle United
2015 ~ 2025",25,CM,14000000.0,80,77,83000.0,27700000.0,1,2007,3,333,366,353,368,216,53,318,Midfield,1
237477,M. Tavernier LM RM,"AFC Bournemouth
2022 ~ 2028",24,LM,10000000.0,79,76,38000.0,19800000.0,1,1979,3,386,360,315,361,182,49,326,Midfield,1
238361,Michael RM LM,"Al Hilal
2022 ~ 2024",27,RM,8000000.0,76,76,36000.0,12800000.0,1,1799,0,443,334,277,318,57,53,317,Midfield,1
239701,R. Schmid CAM CM,"Werder Bremen
2019 ~ 2026",23,CAM,6500000.0,79,74,19000.0,12200000.0,1,1822,5,396,317,296,340,142,38,293,Midfield,1
240097,F. Downes CDM CM,"Southampton
Jun 30, 2024 On loan",24,CDM,2700000.0,77,71,28000.0,0.0,1,1842,6,350,328,315,310,205,56,278,Midfield,1
241095,N. Vlašić CF LM CAM,"Torino
2023 ~ 2027",25,CAM,22500000.0,81,79,52000.0,39900000.0,2,2096,2,398,384,360,382,153,58,361,Midfield,1
242374,M. Barrow CF ST LM,"Al Taawon
2023 ~ 2026",24,CAM,16000000.0,82,77,26000.0,27600000.0,1,1815,5,376,368,266,331,81,54,339,Midfield,1
243249,J. Ekkelenkamp CAM CM CDM,"Antwerp
2022 ~ 2026",23,CAM,3500000.0,77,72,18000.0,5500000.0,1,1975,5,331,379,332,354,190,51,338,Midfield,1
243669,J. Anthony LM LW,"Leeds United
Jun 30, 2024 On loan",23,RM,4600000.0,78,73,31000.0,0.0,1,1801,5,362,329,281,344,110,52,323,Midfield,1
243792,Iñigo Vicente LM CAM,"Racing Santander
2022 ~ 2027",25,LM,6500000.0,76,75,10000.0,10900000.0,1,1873,1,373,307,320,372,135,55,311,Midfield,1
244389,Fernando ST,"Salzburg
2022 ~ 2027",24,CAM,4700000.0,78,73,15000.0,7400000.0,1,1866,5,411,349,293,338,116,37,322,Midfield,1
246402,M. Bidstrup CDM CM,"Salzburg
2023 ~ 2028",22,CDM,6000000.0,80,73,12000.0,10200000.0,1,1893,7,361,339,313,306,210,55,309,Midfield,1
246608,22 Fidalgo CAM CDM CM,"América
2021 ~ 2025",24,CAM,4600000.0,78,73,30000.0,8199999.999999999,1,1925,5,390,334,319,360,149,49,324,Midfield,1
246764,M. Camara CDM CM,"Monaco
2022 ~ 2027",23,CDM,14500000.0,82,77,37000.0,28600000.0,2,2022,5,414,367,348,339,225,36,293,Midfield,1
247028,A. Král CDM CM,"FC Union Berlin
2019 ~ 2024",25,CDM,7500000.0,80,75,27000.0,13300000.0,2,2062,5,361,392,351,338,218,57,345,Midfield,1
248384,I. Gruev CDM CM,"Leeds United
2023 ~ 2027",23,CDM,5500000.0,80,73,27000.0,11600000.0,1,1796,7,336,308,308,300,217,47,280,Midfield,1
251479,M. De Cuyper LB LWB RB,"Club Brugge
2018 ~ 2026",22,LM,6500000.0,80,74,16000.0,11100000.0,1,2067,6,378,370,356,368,202,41,352,Midfield,1
252495,J. Kamiński LM LB,"VfL Wolfsburg
2022 ~ 2027",21,CAM,7000000.0,82,73,24000.0,13300000.0,1,1831,9,388,331,281,330,134,50,317,Midfield,1
225953,S. Bergwijn LW,"Ajax
2022 ~ 2027",25,CAM,17000000.0,79,78,19000.0,25100000.0,3,2004,1,403,383,306,372,115,64,361,Midfield,1
226162,E. Buendía RM CAM,"Aston Villa
2021 ~ 2026",26,CAM,19000000.0,79,79,83000.0,36100000.0,2,2129,0,380,359,365,401,196,50,378,Midfield,1
229723,M. Jensen CM,"Brentford
2019 ~ 2026",27,CM,11000000.0,77,77,52000.0,20900000.0,1,2027,0,365,346,372,370,204,48,322,Midfield,1
229758,R. Krunić CM CAM CDM,"Fenerbahçe
Jun 30, 2024 On loan",29,CM,17000000.0,79,79,68000.0,0.0,1,2122,0,357,377,362,384,224,59,359,Midfield,1
230965,N. Nández RM CM RB,"Cagliari
2019 ~ 2024",27,RM,6000000.0,75,75,23000.0,10800000.0,2,2074,0,417,362,365,347,207,50,326,Midfield,1
231318,R. Perraud LB,"Nice
Jun 30, 2024 On loan",25,CAM,5000000.0,77,74,32000.0,0.0,1,2067,3,367,370,366,362,211,47,344,Midfield,1
232080,J. Harrison RM LM,"Everton
Jun 30, 2024 On loan",26,RM,8000000.0,76,76,42000.0,0.0,1,1938,0,395,362,324,338,147,46,326,Midfield,1
232440,Caio Henrique LB,"Monaco
2020 ~ 2027",25,LM,17000000.0,81,78,43000.0,33600000.0,2,2030,3,377,331,342,381,220,49,330,Midfield,1
232639,R. Doan RM CAM,"SC Freiburg
2022 ~ 2026",25,RM,12500000.0,77,77,27000.0,22200000.0,2,1893,1,417,330,291,376,117,46,316,Midfield,1
233510,T. Chong RM CM CF,"Luton Town
2023 ~ 2027",23,LM,2800000.0,76,71,24000.0,5800000.0,1,1832,5,358,325,293,339,150,53,314,Midfield,1
234948,L. Amani CM CAM,"Union Saint-Gilloise
2021 ~ 2025",25,CAM,4000000.0,76,73,13000.0,6300000.0,1,1976,3,400,356,321,348,207,43,301,Midfield,1
235167,V. Janelt CDM CM LB,"Brentford
2020 ~ 2026",25,CDM,9500000.0,80,76,42000.0,18800000.0,1,1990,4,347,373,347,324,222,40,337,Midfield,1
235353,I. Sarr RM LM RW,"Olympique de Marseille
2023 ~ 2028",25,RM,9000000.0,77,76,34000.0,17800000.0,1,1852,1,406,375,275,353,62,49,332,Midfield,1
235374,M. Lazzari RB,"Lazio
2019 ~ 2027",29,RM,15500000.0,79,79,51000.0,26400000.0,2,2059,0,441,318,342,364,216,47,331,Midfield,1
201942,Roberto Firmino CF ST CAM,"Al Ahli Jeddah
2023 ~ 2026",31,CAM,18000000.0,80,80,48000.0,30600000.0,3,2123,0,386,389,366,393,158,44,387,Midfield,1
203486,T. Hazard LW CF,"Anderlecht
2023 ~ 2026",30,CAM,10000000.0,77,77,29000.0,15000000.0,2,2034,0,393,354,351,398,156,37,345,Midfield,1
210021,H. Mukhtar CF ST CAM,"Nashville SC
2020 ~ 2025",28,CAM,21500000.0,80,80,14000.0,32299999.999999996,2,2010,0,415,363,321,389,131,55,336,Midfield,1
210602,S. Al Dawsari LM LW,"Al Hilal
2011 ~ 2025",31,LM,14500000.0,79,79,46000.0,23200000.0,2,2048,0,420,381,333,362,154,56,342,Midfield,1
211748,K. Demirbay CM CDM CAM,"Galatasaray
2023 ~ 2026",29,CM,13500000.0,78,78,44000.0,25700000.0,2,2102,0,346,363,369,407,214,68,335,Midfield,1
214097,B. Bourigeaud CM RM,"Rennes
2017 ~ 2026",29,CM,20500000.0,80,80,57000.0,39000000.0,2,2198,0,372,391,387,404,195,62,387,Midfield,1
219391,G. Escalante CM CDM,"Cádiz
2023 ~ 2026",30,CM,10000000.0,77,77,30000.0,21000000.0,1,2039,0,327,370,373,345,229,52,343,Midfield,1
220196,D. Brooks RW RM,"Southampton
Jun 30, 2024 On loan",25,CAM,6500000.0,76,75,44000.0,0.0,1,1904,1,355,324,322,365,140,51,347,Midfield,1
221634,L. Acosta CAM,"Cincinnati
2021 ~ 2026",29,CAM,17000000.0,79,79,12000.0,25500000.0,1,1944,0,417,319,324,374,128,50,332,Midfield,1
221671,Lee Jae Sung CAM CF CM,"FSV Mainz 05
2021 ~ 2026",30,CAM,7000000.0,76,76,27000.0,12600000.0,2,1984,0,376,347,330,355,164,50,362,Midfield,1
222390,Unai López CDM CM CAM,"Rayo Vallecano
2021 ~ 2024",27,CAM,4300000.0,75,74,16000.0,9400000.0,1,2048,1,387,350,339,380,198,62,332,Midfield,1
224294,L. Cook CDM CM,"AFC Bournemouth
2016 ~ 2025",26,CM,4400000.0,75,74,36000.0,8700000.0,1,1973,1,352,323,347,368,207,61,315,Midfield,1
9014,21 A. Robben RM CAM,"FC Groningen
2020 ~ 2021",36,CAM,5500000.0,79,79,11000.0,8300000.000000001,3,1947,0,382,330,318,411,78,65,363,Midfield,1
135460,14 Alex CAM CF,"Coritiba
2012 ~ 2014",35,CAM,3600000.0,80,80,45000.0,0.0,2,1909,0,305,339,343,421,70,46,385,Midfield,1
168651,I. Rakitić CM CDM,"Al Shabab
2024 ~ 2025",35,CM,10500000.0,81,81,35000.0,17900000.0,3,2139,0,303,372,388,415,227,51,383,Midfield,1
198164,Jonathan Viera CAM CM LM,"Almería
2024 ~ 2025",33,CAM,13000000.0,80,80,33000.0,27300000.0,2,2125,0,395,371,369,387,181,64,358,Midfield,1
272829,Ângelo RM RW LM,"Strasbourg
Jun 30, 2024 On loan",18,LM,4400000.0,83,71,18000.0,0.0,1,1665,12,394,266,240,337,93,45,290,Midfield,1
262672,N. Weißhaupt LM RM,"SC Freiburg
2021 ~ 2027",21,RM,3600000.0,77,72,14000.0,6400000.0,1,1767,5,377,288,300,325,138,47,292,Midfield,1
262925,A. Zorgane CM CDM,"Sporting Charleroi
2021 ~ 2027",23,CM,8500000.0,80,75,13000.0,13400000.0,1,2013,5,312,399,349,358,205,53,337,Midfield,1
263617,Beñat Prados CM CDM CB,"Athletic Club
2019 ~ 2025",22,CDM,9500000.0,83,76,19000.0,21900000.0,1,1981,8,375,349,336,329,219,53,320,Midfield,1
263693,V. Taborda CAM CM ST,"Boca Juniors
2022 ~ 2026",22,CAM,3600000.0,81,70,9000.0,6100000.0,1,1815,11,345,341,300,317,138,46,328,Midfield,1
264035,J. Rak-Sakyi RM RW,"Crystal Palace
2021 ~ 2027",20,LM,4099999.9999999995,79,71,18000.0,8600000.0,1,1701,8,398,305,251,329,65,53,300,Midfield,1
264238,Diego López LM RM CAM,"Valencia
2021 ~ 2027",21,LM,17000000.0,84,76,23000.0,39100000.0,1,1855,8,375,329,298,339,101,68,345,Midfield,1
269276,G. Oristanio CF CAM RM,"Cagliari
Jun 30, 2024 On loan",20,CAM,4500000.0,84,71,32000.0,0.0,1,1896,13,400,315,326,358,141,41,315,Midfield,1
270390,Marquinhos RM,"Arsenal
2022 ~ 2027",20,LM,3500000.0,79,70,33000.0,7200000.0,1,1703,9,383,304,269,313,92,42,300,Midfield,1
251990,Luquinha CAM CM RM,"Portimonense
2019 ~ 2024",22,CAM,4800000.0,79,72,6000.0,11000000.0,1,1735,7,399,271,269,347,108,41,300,Midfield,1
252143,Daniel Bragança CM CDM CAM,"Sporting CP
2018 ~ 2027",24,CAM,15000000.0,85,78,12000.0,33000000.0,1,2037,7,412,323,343,379,201,54,325,Midfield,1
252383,R. Zerrouki CDM CM,"Feyenoord
2023 ~ 2027",25,CM,6500000.0,78,75,14000.0,9600000.0,1,2007,3,350,386,350,359,206,49,307,Midfield,1
252931,L. Ivanušec LW CAM,"Feyenoord
2023 ~ 2028",24,CAM,10000000.0,79,76,16000.0,14800000.0,1,2061,3,414,368,348,375,169,54,333,Midfield,1
253755,Talles Magno CF ST LM,"New York City
2021 ~ 2026",21,CAM,7000000.0,82,73,6000.0,11600000.0,1,1769,9,388,335,259,320,118,48,301,Midfield,1
255718,R. Sosa LM RM,"Talleres Córdoba
2023 ~ 2026",23,RM,9000000.0,81,75,13000.0,15300000.0,1,1803,6,378,322,302,324,141,43,293,Midfield,1
256949,A. Grønbæk CAM CM,"Bodø / Glimt
2022 ~ 2028",22,CAM,9500000.0,82,74,6000.0,14300000.0,1,1997,8,392,355,336,351,188,48,327,Midfield,1
258580,K. Aktürkoğlu LM CAM,"Galatasaray
2020 ~ 2026",24,CAM,10000000.0,79,76,33000.0,19800000.0,1,1884,3,414,341,285,368,109,47,320,Midfield,1
259306,F. Rieder CAM CM,"Rennes
2023 ~ 2027",21,CAM,9500000.0,82,74,27000.0,20000000.0,1,1914,8,386,343,319,372,157,58,279,Midfield,1
259714,M. Röhl CAM CM CF,"SC Freiburg
2022 ~ 2027",20,CAM,4700000.0,79,73,16000.0,8900000.0,1,1856,6,359,338,317,304,181,50,307,Midfield,1
238068,M. Richter RM CAM CF,"FSV Mainz 05
2023 ~ 2027",25,CAM,5000000.0,75,74,23000.0,9400000.0,2,1937,1,385,369,279,360,145,47,352,Midfield,1
239335,Óscar CM LM RM,"Getafe
Jun 30, 2024 On loan",25,CAM,6000000.0,78,74,21000.0,0.0,1,1889,4,324,318,325,390,157,46,329,Midfield,1
239373,Z. Flemming CAM,"Millwall
2022 ~ 2025",24,CAM,5500000.0,76,74,22000.0,10900000.0,1,2023,2,352,394,342,368,168,44,355,Midfield,1
239978,D. Man RM LM RW,"Parma
2021 ~ 2025",24,LM,7500000.0,78,75,5000.0,12600000.0,1,1962,3,393,382,308,355,131,46,347,Midfield,1
240458,Ander Guevara CM CDM,"Deportivo Alavés
2023 ~ 2027",25,CM,7500000.0,78,75,21000.0,17100000.0,1,1894,3,304,325,333,340,222,65,305,Midfield,1
240654,Carles Pérez RM CF,"Celta de Vigo
2023 ~ 2027",25,CAM,9000000.0,77,76,22000.0,19600000.0,1,1897,1,402,363,277,355,109,48,343,Midfield,1
244261,L. Majer CM CAM,"VfL Wolfsburg
2023 ~ 2028",25,CAM,18500000.0,81,78,44000.0,32799999.999999996,2,2083,3,371,362,360,409,183,44,354,Midfield,1
244270,N. Moro CDM CM,"Bologna
2023 ~ 2027",25,CM,5500000.0,79,74,24000.0,9800000.0,1,2043,5,342,394,342,361,208,52,344,Midfield,1
244309,T. Teuma CM CAM,"Stade de Reims 
2023 ~ 2027",29,CM,17000000.0,79,79,31000.0,34000000.0,1,2172,0,363,393,397,393,225,45,356,Midfield,1
246683,L. Agoumé CDM CM,"Sevilla
Jun 30, 2024 On loan",21,CM,4000000.0,80,71,25000.0,0.0,1,1827,9,317,329,323,316,198,57,287,Midfield,1
246937,Um Won Sang RM RW ST,"Ulsan
2022 ~ 2025",24,RM,6000000.0,77,74,10000.0,8300000.000000001,1,1868,3,437,333,314,325,100,52,307,Midfield,1
226377,G. Martínez RM CAM,"River Plate
2023 ~ 2024",30,RM,5500000.0,75,75,18000.0,7700000.0,2,1885,0,390,321,305,388,107,55,319,Midfield,1
229379,L. de la Torre CM LM,"Celta de Vigo
2022 ~ 2026",25,CM,4000000.0,76,73,18000.0,8700000.0,1,1888,3,354,307,321,352,191,54,309,Midfield,1
230384,Nailton Suzuki CAM CF ST,"Atlético Mineiro
2023 ~ 2026",27,CAM,27500000.0,81,81,47000.0,49500000.0,1,2018,0,386,384,319,389,144,45,351,Midfield,1
231887,Y. Yazıcı CAM RM ST,"LOSC Lille
2019 ~ 2024",26,CAM,6500000.0,76,75,29000.0,12800000.0,1,1967,1,345,367,325,388,134,47,361,Midfield,1
232099,M. Grujić CM CDM,"Porto
2020 ~ 2026",27,CM,8000000.0,76,76,14000.0,16000000.0,1,2040,0,318,389,361,348,217,56,351,Midfield,1
232770,S. Colombatto CDM CM,"Real Oviedo
2021 ~ 2027",26,CM,6500000.0,78,75,10000.0,10900000.0,1,2086,3,353,379,367,383,214,54,336,Midfield,1
233092,J. Pereyra LM RM,"Atlético Tucumán
2023 ~ 2025",24,CM,6000000.0,77,74,10000.0,9200000.0,1,1934,3,346,346,337,357,186,47,315,Midfield,1
236368,G. Maggiore CM CDM,"Salernitana
2022 ~ 2026",25,CM,7500000.0,78,75,28000.0,14100000.0,1,1938,3,357,350,357,322,219,37,296,Midfield,1
236791,A. Barák CM CAM CF,"Fiorentina
2023 ~ 2027",28,CAM,14000000.0,78,78,55000.0,23800000.0,1,2135,0,365,395,355,391,193,62,374,Midfield,1
237629,A. Maier CM RM CDM,"FC Augsburg
2022 ~ 2025",24,CM,7500000.0,78,75,22000.0,14100000.0,1,1936,3,353,364,319,337,213,49,301,Midfield,1
237916,W. Smallbone CM,"Southampton
2017 ~ 2026",23,CM,3700000.0,78,71,23000.0,7800000.0,1,1887,7,354,323,318,346,203,44,299,Midfield,1
208919,R. Gauld CF ST LW,"Vancouver Whitecaps
2021 ~ 2027",27,LM,11500000.0,77,77,11000.0,17300000.0,1,2014,0,428,314,332,384,140,61,355,Midfield,1
211093,C. McGregor CDM CM,"Celtic
2009 ~ 2028",30,CM,14500000.0,79,79,56000.0,26100000.0,1,2165,0,416,389,368,372,219,54,347,Midfield,1
211368,Bruma LM CAM RW,"Sporting Braga
2023 ~ 2027",28,LM,10500000.0,77,77,17000.0,21000000.0,2,1908,0,422,344,305,373,81,52,331,Midfield,1
212245,Y. Gerhardt CM,"VfL Wolfsburg
2016 ~ 2026",29,CM,10500000.0,77,77,45000.0,17900000.0,2,2024,0,346,376,357,355,211,50,329,Midfield,1
212814,João Mário LM RM,"Benfica
2021 ~ 2026",30,LM,25000000.0,81,81,19000.0,50000000.0,3,2111,0,377,363,377,389,191,45,369,Midfield,1
215798,M. Cornet LM CF,"West Ham United
2022 ~ 2027",26,LM,8000000.0,76,76,57000.0,15200000.0,2,2097,0,391,380,351,356,200,58,361,Midfield,1
220876,F. Honorat RM RWB,"Borussia Mönchengladbach
2023 ~ 2028",26,RM,15500000.0,78,78,31000.0,26400000.0,2,2011,0,382,365,332,355,150,61,366,Midfield,1
222028,J. Weigl CDM,"Borussia Mönchengladbach
2023 ~ 2028",27,CDM,21500000.0,81,80,33000.0,38200000.0,2,2006,1,333,351,355,357,222,54,334,Midfield,1
222844,Walace CDM CM,"Udinese
2019 ~ 2026",28,CDM,4900000.0,75,75,16000.0,8800000.0,1,1963,0,328,384,339,327,217,55,313,Midfield,1
224030,M. Lopez CM CDM,"Fiorentina
Jun 30, 2024 On loan",25,CAM,18500000.0,81,78,19000.0,0.0,1,2077,3,402,320,357,390,200,51,357,Midfield,1
225014,G. Castrovilli CM,"Fiorentina
2017 ~ 2024",26,CAM,16500000.0,79,78,52000.0,29300000.0,2,2020,1,388,338,341,352,204,63,334,Midfield,1
225309,N. Amiri CM CAM,"FSV Mainz 05
2024 ~ 2026",26,CAM,12500000.0,78,77,29000.0,23400000.0,2,2039,1,373,366,352,395,160,60,333,Midfield,1
189575,Muniain CAM LM,"Athletic Club
2009 ~ 2024",30,CAM,17000000.0,79,79,32000.0,35700000.0,2,2007,0,416,323,329,400,151,45,343,Midfield,1
199823,Campaña CM LM,"Las Palmas
2024 ~ 2024",30,CM,13500000.0,78,78,23000.0,28400000.0,2,2096,0,356,370,366,403,200,42,359,Midfield,1
201400,23 Rafinha CM CAM,"Paris Saint Germain
2020 ~ 2023",29,CAM,13500000.0,78,78,74000.0,25000000.0,2,2092,0,373,346,364,390,213,52,354,Midfield,1
201519,J. Veretout CM CDM,"Olympique de Marseille
2022 ~ 2025",30,CM,20000000.0,80,80,47000.0,38000000.0,2,2191,0,387,398,391,385,232,47,351,Midfield,1
206511,M. Arnold CDM CM,"VfL Wolfsburg
2011 ~ 2026",29,CDM,18000000.0,80,80,51000.0,30600000.0,2,2165,0,347,401,362,407,230,51,367,Midfield,1
208137,Lucas Torró CDM CM,"Osasuna
2020 ~ 2027",28,CDM,9500000.0,77,77,27000.0,20000000.0,1,1903,0,274,371,331,329,225,62,311,Midfield,1
7826,19 R. van Persie ST CAM,"Feyenoord
2018 ~ 2019",34,CAM,5500000.0,78,78,20000.0,7700000.0,3,1876,0,317,326,321,403,83,39,387,Midfield,1
172522,D. Wass CM RB,"Brøndby
2022 ~ 2025",34,CM,3500000.0,76,76,16000.0,4600000.0,2,2136,0,358,388,362,388,220,56,364,Midfield,1
175943,D. Mertens CAM,"Galatasaray
2022 ~ 2024",36,CAM,5500000.0,79,79,35000.0,10500000.0,3,1934,0,379,299,348,399,133,39,337,Midfield,1
277708,Unai Gómez CAM CM LM,"Athletic Club
2022 ~ 2028",20,CAM,5000000.0,83,74,13000.0,11500000.0,1,1737,9,348,329,256,320,112,49,323,Midfield,1
271373,Fran Pérez RM LM,"Valencia
2020 ~ 2026",20,CAM,6500000.0,82,73,19000.0,15000000.0,1,1789,9,365,320,286,344,113,54,307,Midfield,1
272839,M. Giménez ST LW,"Independiente
2023 ~ 2026",24,CAM,3600000.0,77,72,11000.0,5700000.0,1,1773,5,354,343,296,326,79,50,325,Midfield,1
263678,T. Gardner-Hickman CM CDM RB,"Bristol City
2024 ~ 2027",21,CM,3100000.0,80,70,12000.0,6500000.0,1,1863,10,343,327,311,332,197,56,297,Midfield,1
265459,T. Morton CDM CM,"Hull City
Jun 30, 2024 On loan",20,CM,3300000.0,79,70,29000.0,0.0,1,1893,9,337,314,330,363,196,55,298,Midfield,1
267702,K. Doumbia CAM CM,"Stade Brestois 29
Jun 30, 2024 On loan",20,CAM,4600000.0,79,72,12000.0,0.0,1,1874,7,366,322,321,330,173,52,310,Midfield,1
268805,D. Jean Jacques CDM CM,"Metz
2022 ~ 2027",23,CDM,3300000.0,81,70,9000.0,7300000.0,1,1818,11,338,343,299,311,204,46,277,Midfield,1
256688,C. Puertas CM CAM CF,"Union Saint-Gilloise
2022 ~ 2025",24,CAM,10500000.0,80,76,15000.0,16500000.0,1,2093,4,365,369,381,380,212,47,339,Midfield,1
257889,K. Jakić CDM CM CB,"FC Augsburg
Jun 30, 2024 On loan",26,CDM,4400000.0,75,75,27000.0,0.0,1,1920,1,345,390,325,292,219,44,305,Midfield,1
258316,E. Dinkçi RM,"Heidenheim
Jun 30, 2024 On loan",21,CAM,7000000.0,80,74,16000.0,0.0,1,1807,6,394,336,275,343,77,46,336,Midfield,1
258433,E. Matazo CDM CM,"Antwerp
Jun 30, 2024 On loan",21,CM,6000000.0,80,73,23000.0,0.0,1,1931,7,365,351,322,330,209,63,291,Midfield,1
258922,Marvin RM RB,"Las Palmas
Jun 30, 2024 On loan",23,RM,3500000.0,77,72,68000.0,0.0,1,1875,5,385,327,315,316,183,59,290,Midfield,1
259139,David Costa CF CAM LW,"Lens
2020 ~ 2026",22,CAM,8500000.0,80,75,30000.0,16800000.0,1,1797,5,395,296,273,368,101,43,321,Midfield,1
259233,I. Moriba CM,"Getafe
Jun 30, 2024 On loan",20,CAM,4600000.0,79,72,23000.0,0.0,1,1862,7,330,347,314,319,191,60,301,Midfield,1
259480,I. Saibari CAM CM RW,"PSV
2020 ~ 2028",21,CAM,9500000.0,82,74,12000.0,15200000.0,1,1905,8,382,359,307,350,133,56,318,Midfield,1
259586,H. Siquet RM RB,"Cercle Brugge
Jun 30, 2024 On loan",20,CM,5000000.0,79,72,14000.0,0.0,1,1969,8,366,349,324,370,197,50,313,Midfield,1
247361,B. Aaronson CAM RM CM,"FC Union Berlin
Jun 30, 2024 On loan",22,RM,7000000.0,81,73,29000.0,0.0,1,1902,8,392,327,315,354,165,52,297,Midfield,1
247771,O. Deman LWB,"Werder Bremen
2023 ~ 2026",23,LM,3500000.0,78,72,14000.0,7000000.0,1,1944,6,362,356,324,327,194,53,328,Midfield,1
252541,J. Chotard CDM CM,"Montpellier
2019 ~ 2025",21,CDM,8500000.0,81,75,15000.0,18700000.0,2,1926,6,351,321,343,347,211,48,305,Midfield,1
253102,A. Aouchiche CAM LM CM,"Sunderland
2023 ~ 2028",20,CAM,3200000.0,77,70,14000.0,6700000.0,1,1827,7,346,317,292,353,169,46,304,Midfield,1
253952,J. Nardoni CM CDM,"Racing Club
2023 ~ 2027",20,CM,5000000.0,80,72,10000.0,8500000.0,1,1923,8,368,366,335,324,195,38,297,Midfield,1
255233,T. Suslov CAM RM CM,"Hellas Verona
2018 ~ 2026",21,CAM,7000000.0,82,73,16000.0,14000000.0,1,2002,9,402,374,331,364,153,55,323,Midfield,1
255928,M. Diomande CM LW,"Rangers
Jun 30, 2024 On loan",21,CAM,5000000.0,83,72,8000.0,0.0,1,1957,11,383,357,325,332,187,48,325,Midfield,1
256136,F. Torres RM LM CAM,"Orlando City
2022 ~ 2026",23,CAM,6500000.0,80,74,7000.0,11100000.0,1,1815,6,384,335,266,347,102,41,340,Midfield,1
243491,César Gelabert CM LM CAM,"Toulouse
2023 ~ 2027",22,CAM,5000000.0,80,72,15000.0,11000000.0,1,1756,8,345,299,306,323,152,61,270,Midfield,1
244390,M. Bülter LM ST,"TSG Hoffenheim
2023 ~ 2026",30,LM,5500000.0,75,75,31000.0,9400000.0,1,1954,0,376,391,323,327,140,47,350,Midfield,1
244772,23 K. Velasco LM,"Deportivo Cali
2018 ~ 2022",25,LM,7500000.0,78,75,5000.0,10700000.0,1,1947,3,397,318,322,355,182,43,330,Midfield,1
245597,Víctor Gómez RB RWB LB,"Sporting Braga
2023 ~ 2028",23,CM,10500000.0,82,75,11000.0,23100000.0,1,1973,7,391,349,336,344,207,50,296,Midfield,1
246045,P. De la Vega LM RW LW,"Seattle Sounders
2024 ~ 2027",22,RM,12500000.0,84,75,8000.0,21300000.0,1,1992,9,400,380,327,339,142,49,355,Midfield,1
246431,R. Sottil LW LM,"Fiorentina
2018 ~ 2026",24,CAM,11500000.0,81,76,44000.0,20400000.0,1,1785,5,403,298,296,325,106,50,307,Midfield,1
246877,G. Gaetano CAM CM,"Cagliari
Jun 30, 2024 On loan",23,CAM,5000000.0,80,72,28000.0,0.0,1,1924,8,359,343,327,356,149,59,331,Midfield,1
236624,A. Barkok CAM CM CF,"Hertha BSC
Jun 30, 2024 On loan",25,CAM,3300000.0,76,72,18000.0,0.0,1,1893,4,352,354,304,349,163,53,318,Midfield,1
236786,M. Terrier LM ST,"Rennes
2020 ~ 2025",26,LM,23000000.0,80,80,54000.0,43700000.0,2,1993,0,383,395,315,369,99,43,389,Midfield,1
236830,Z. Youssouf CM CDM RM,"Famalicão
2022 ~ 2026",23,CM,8500000.0,80,75,9000.0,18500000.0,1,2013,5,347,369,359,371,206,55,306,Midfield,1
237640,N. Bajrami RW CAM,"Sassuolo
2023 ~ 2026",24,CAM,6000000.0,77,74,15000.0,10700000.0,1,1999,3,377,347,343,367,184,46,335,Midfield,1
238230,J. Campaz LM CAM LW,"Rosario Central
2024 ~ 2026",23,CAM,11000000.0,80,76,15000.0,17300000.0,1,1792,4,402,339,255,357,87,40,312,Midfield,1
238235,H. Vetlesen CDM CM,"Club Brugge
2023 ~ 2027",23,CAM,4400000.0,80,74,14000.0,7500000.0,1,2047,6,408,358,337,349,211,53,331,Midfield,1
238581,R. Vargas CAM LM RM,"FC Augsburg
2019 ~ 2025",24,CAM,6000000.0,77,74,21000.0,11300000.0,2,1951,3,421,360,297,343,155,41,334,Midfield,1
239433,N. Maksimović CM CDM,"Getafe
2018 ~ 2024",28,CDM,14000000.0,78,78,31000.0,29400000.0,1,2040,0,286,383,369,364,232,67,339,Midfield,1
239910,A. Boupendza LM LW ST,"Cincinnati
2023 ~ 2025",26,LM,8000000.0,76,76,9000.0,12000000.0,1,1942,0,406,396,299,370,66,50,355,Midfield,1
239970,23 Paulinho LM CAM,"Bayer 04 Leverkusen
2018 ~ 2023",21,CAM,7000000.0,79,73,29000.0,13300000.0,1,1851,6,398,343,282,356,98,63,311,Midfield,1
240683,L. Reis CM RB CDM,"Hamburger SV
2021 ~ 2026",23,CAM,4800000.0,79,73,21000.0,8600000.0,1,1940,6,373,346,333,333,202,57,296,Midfield,1
241907,D. Rossi LM CF,"Columbus Crew
2023 ~ 2026",25,LM,6500000.0,76,75,9000.0,9900000.0,1,1856,1,416,330,276,337,100,67,330,Midfield,1
242201,Luis Milla CM CDM,"Getafe
2022 ~ 2027",28,CM,10500000.0,77,77,30000.0,22100000.0,2,2068,0,362,367,377,365,225,53,319,Midfield,1
231836,J. Karlsson LM LW,"Bologna
2023 ~ 2028",24,CAM,10000000.0,79,76,27000.0,17800000.0,2,1932,3,401,350,310,383,102,53,333,Midfield,1
232097,A. Harit CM CAM,"Olympique de Marseille
2022 ~ 2027",26,CAM,9000000.0,76,75,35000.0,17800000.0,2,1987,1,391,314,358,377,168,57,322,Midfield,1
233029,R. Aliendro CM CDM,"River Plate
2022 ~ 2026",32,CM,6000000.0,76,76,19000.0,8400000.0,1,2115,0,380,378,371,358,217,54,357,Midfield,1
233487,R. McGree LM,"Middlesbrough
2022 ~ 2025",24,LM,4200000.0,76,73,20000.0,8300000.000000001,1,1984,3,391,361,341,338,186,47,320,Midfield,1
234171,R. Sallai RM CF,"SC Freiburg
2018 ~ 2025",26,RM,11500000.0,77,77,29000.0,19600000.0,2,1878,0,377,339,328,328,107,46,353,Midfield,1
234468,E. Reynoso CAM LM,"Minnesota United
2020 ~ 2025",27,CAM,18500000.0,79,79,12000.0,26800000.0,2,1997,0,368,345,358,388,173,41,324,Midfield,1
234728,L. Bénes CM CAM,"Hamburger SV
2022 ~ 2026",25,CAM,4000000.0,76,73,23000.0,6700000.0,1,1930,3,341,351,320,381,149,49,339,Midfield,1
236477,A. Claude-Maurice CM LW,"Nice
2019 ~ 2024",25,CAM,5500000.0,76,74,32000.0,10900000.0,2,2063,2,390,348,348,377,206,68,326,Midfield,1
236518,A. Nordin RM LM,"Montpellier
2022 ~ 2025",25,CAM,4000000.0,76,73,18000.0,8300000.000000001,1,1813,3,389,341,262,339,95,56,331,Midfield,1
236529,S. Alzate CM,"Standard Liège
Jun 30, 2024 On loan",24,CM,4300000.0,77,73,47000.0,0.0,1,1933,4,366,339,333,339,200,34,322,Midfield,1
223866,S. Lovrič CM CDM,"Udinese
2022 ~ 2027",25,CM,7500000.0,78,75,16000.0,14100000.0,1,1926,3,319,339,340,355,208,53,312,Midfield,1
225403,İ. Kahveci RW CAM CM,"Fenerbahçe
2021 ~ 2025",27,CAM,11000000.0,77,77,36000.0,20900000.0,1,2064,0,380,354,341,399,173,67,350,Midfield,1
225439,R. Mandragora CM CDM,"Fiorentina
2022 ~ 2026",26,CM,9500000.0,79,76,46000.0,16900000.0,2,2020,3,325,369,337,359,224,66,340,Midfield,1
225719,K. Iheanacho ST,"Leicester City
2017 ~ 2024",26,CAM,8500000.0,76,76,45000.0,15300000.0,1,1931,0,358,371,328,366,107,48,353,Midfield,1
225779,B. Sheaf CDM CM,"Coventry City
2021 ~ 2026",25,CDM,7500000.0,80,75,35000.0,14800000.0,1,1909,5,311,325,342,344,221,64,302,Midfield,1
228336,F. Grillitsch CDM CB,"TSG Hoffenheim
2023 ~ 2026",27,CM,7500000.0,77,76,29000.0,13300000.0,2,1938,1,337,335,329,348,214,53,322,Midfield,1
228595,G. Prömel CM CDM,"TSG Hoffenheim
2022 ~ 2026",28,CM,10500000.0,77,77,36000.0,17900000.0,2,2057,0,346,400,355,331,223,45,357,Midfield,1
230020,P. Lees-Melou CDM CM,"Stade Brestois 29
2022 ~ 2025",30,CM,12000000.0,78,78,20000.0,24000000.0,2,2081,0,340,384,368,381,214,51,343,Midfield,1
230065,S. Serdar CM CAM CDM,"Hellas Verona
Jun 30, 2024 On loan",26,CAM,6500000.0,76,75,15000.0,0.0,2,2068,1,362,377,354,363,219,51,342,Midfield,1
230271,Laure Santeiro CAM LM LW,"Fluminense
2023 ~ 2026",23,CAM,24500000.0,80,80,27000.0,46600000.0,1,1846,0,416,299,308,375,65,48,335,Midfield,1
213296,N. Bentaleb CDM CM,"LOSC Lille
2023 ~ 2026",28,CDM,12500000.0,78,78,33000.0,23800000.0,2,2075,0,324,380,379,382,213,59,338,Midfield,1
213367,L. Abergel CDM CM,"Lorient
2019 ~ 2026",30,CDM,6500000.0,76,76,21000.0,13000000.0,1,1893,0,363,345,319,318,222,51,275,Midfield,1
199247,Álex Fernández CM CAM,"Cádiz
2017 ~ 2025",30,CM,10000000.0,79,79,30000.0,21000000.0,2,2027,0,334,339,369,381,207,64,333,Midfield,1
200215,S. Rode CDM CM,"Eintracht Frankfurt
2019 ~ 2024",32,CDM,5000000.0,76,76,31000.0,8500000.0,2,1965,0,345,333,353,327,233,49,325,Midfield,1
202642,23 Fernando CDM CM,"Antalyaspor
2022 ~ 2023",30,CDM,12000000.0,78,78,27000.0,24000000.0,1,2115,0,368,391,357,394,226,52,327,Midfield,1
203502,B. De Cordova-Reid RM LM,"Fulham
2020 ~ 2024",30,RM,7000000.0,76,76,66000.0,13300000.0,1,2023,0,398,358,334,344,173,51,365,Midfield,1
205686,T. Savanier CAM CM,"Montpellier
2019 ~ 2026",31,CAM,17500000.0,80,80,31000.0,35000000.0,2,2159,0,378,354,401,409,205,58,354,Midfield,1
206594,S. March RM,"Brighton & Hove Albion
2012 ~ 2026",28,RM,17500000.0,79,79,87000.0,33299999.999999996,1,2037,0,375,356,338,377,203,55,333,Midfield,1
207566,William Carvalho CDM CAM,"Real Betis
2018 ~ 2026",31,CDM,18000000.0,81,81,30000.0,37800000.0,2,1994,0,252,390,372,377,222,45,336,Midfield,1
208448,E. Forsberg CAM CF LM,"New York RB
2024 ~ 2026",31,CAM,14500000.0,79,79,12000.0,21000000.0,3,1920,0,361,324,340,396,98,55,346,Midfield,1
184134,Fernando CDM CB CM,"Sevilla
2019 ~ 2024",35,CDM,8500000.0,82,82,25000.0,17900000.0,2,2036,0,339,385,361,346,249,29,327,Midfield,1
193474,I. Gueye CDM CM,"Everton
2022 ~ 2024",33,CDM,3700000.0,76,76,34000.0,7000000.0,2,1929,0,349,345,332,334,233,47,289,Midfield,1
197965,Pizzi CM RM CAM,"Sporting Braga
2023 ~ 2024",33,CAM,4600000.0,76,76,15000.0,9200000.0,3,1995,0,319,328,367,389,186,62,344,Midfield,1
198950,Pablo Sarabia RW ST LW,"Wolverhampton Wanderers
2023 ~ 2025",31,CAM,8500000.0,77,77,65000.0,16200000.0,2,2028,0,374,342,336,396,163,58,359,Midfield,1
156519,H. Herrera CM CDM,"Houston Dynamo
2022 ~ 2024",33,CM,8500000.0,78,78,11000.0,12300000.0,3,2082,0,336,394,377,365,221,54,335,Midfield,1
159065,20 E. Lavezzi CF ST,"Hebei
2016 ~ 2019",34,CAM,8000000.0,80,80,22000.0,12400000.0,3,2045,0,411,374,337,391,111,53,368,Midfield,1
163711,19 L. Diarra CDM CB,"Paris Saint Germain
2018 ~ 2019",33,CDM,4200000.0,78,78,60000.0,7800000.0,3,1926,0,377,349,324,326,226,51,273,Midfield,1
173221,A. Candreva CF RM CM,"Salernitana
2023 ~ 2024",36,CAM,4800000.0,78,78,29000.0,8600000.0,3,2082,0,367,366,362,394,178,46,369,Midfield,1
276949,Dotor CM CDM,"Celta de Vigo
2023 ~ 2028",22,CM,5000000.0,81,72,14000.0,11500000.0,1,1792,9,318,315,317,331,195,45,271,Midfield,1
270597,A. Makoumbou CDM CM,"Cagliari
2022 ~ 2026",24,CDM,4200000.0,78,73,16000.0,7900000.0,1,1947,5,376,372,320,333,203,50,293,Midfield,1
268683,M. Folorunsho CM CAM ST,"Hellas Verona
Jun 30, 2024 On loan",25,CM,7500000.0,78,75,41000.0,0.0,1,2087,3,351,402,366,358,206,56,348,Midfield,1
231410,Brahim CAM,"Real Madrid
2019 ~ 2027",23,CAM,43500000.0,86,82,145000.0,92400000.0,1,1897,4,429,332,294,379,84,51,328,Midfield,2
235790,K. Havertz CAM CM ST,"Arsenal
2023 ~ 2028",24,CAM,46000000.0,87,82,110000.0,88600000.0,3,2083,5,382,385,347,385,133,47,404,Midfield,2
188350,M. Reus CAM CF,"Borussia Dortmund
2012 ~ 2024",34,CAM,14500000.0,82,82,60000.0,24700000.0,3,2105,0,370,355,355,420,165,61,379,Midfield,2
250961,J. Zirkzee ST,"Bologna
2022 ~ 2026",22,CAM,32000000.0,86,78,34000.0,60800000.0,1,1869,8,368,385,290,365,59,51,351,Midfield,2
237681,T. Kubo RW ST RM,"Real Sociedad
2022 ~ 2029",22,CAM,52500000.0,88,81,40000.0,120800000.0,3,1973,7,416,348,289,391,129,48,352,Midfield,2
251852,K. Adeyemi LM ST,"Borussia Dortmund
2022 ~ 2027",21,LM,43000000.0,87,80,38000.0,81700000.0,2,1998,7,438,383,309,358,94,50,366,Midfield,2
233049,J. Sancho LM RM,"Borussia Dortmund
Jun 30, 2024 On loan",23,CAM,37000000.0,85,81,110000.0,0.0,3,1864,4,411,272,296,392,85,52,356,Midfield,2
247827,M. Olise RM RW CAM,"Crystal Palace
2021 ~ 2027",21,CAM,47500000.0,88,80,37000.0,99800000.0,1,2020,8,413,317,345,399,159,49,338,Midfield,2
246340,M. Mudryk LM LW,"Chelsea
2023 ~ 2031",22,CAM,21500000.0,84,77,76000.0,45200000.0,1,1880,7,420,333,292,358,125,49,303,Midfield,2
246147,M. Greenwood RM ST LM,"Getafe
Jun 30, 2024 On loan",21,CAM,28500000.0,85,78,73000.0,0.0,1,1935,7,394,363,304,381,99,34,360,Midfield,2
246191,J. Álvarez CF ST CAM,"Manchester City
2022 ~ 2028",23,CAM,52500000.0,87,83,150000.0,101100000.0,2,2198,4,425,404,374,406,161,45,383,Midfield,2
245367,X. Simons CAM LW LM,"RB Leipzig
Jun 30, 2024 On loan",20,CAM,60500000.0,89,82,71000.0,0.0,2,2139,7,428,380,361,393,178,43,356,Midfield,2
236772,D. Szoboszlai CAM CM,"Liverpool
2023 ~ 2028",22,CAM,47000000.0,87,82,110000.0,90500000.0,2,2190,5,393,399,362,424,173,49,390,Midfield,2
231677,M. Rashford LM LW ST,"Manchester United
2015 ~ 2028",25,LM,43500000.0,84,83,140000.0,85900000.0,3,2029,1,408,388,326,394,83,53,377,Midfield,2
224232,N. Barella CM,"Inter
2020 ~ 2026",26,CM,79500000.0,87,86,135000.0,141100000.0,3,2312,1,430,401,406,399,244,54,378,Midfield,2
234396,A. Davies LB LM,"FC Bayern München
2019 ~ 2025",22,LM,43500000.0,87,82,59000.0,75000000.0,3,2155,5,443,375,362,356,215,47,357,Midfield,2
240734,M. O'Riley CM CAM CDM,"Celtic
2022 ~ 2027",22,CM,31500000.0,87,79,48000.0,63000000.0,1,2096,8,365,383,369,375,197,50,357,Midfield,2
258729,Gabri Veiga CM CAM,"Al Ahli Jeddah
2023 ~ 2026",21,CAM,31500000.0,85,78,28000.0,59900000.0,2,1956,9,360,362,339,356,172,55,312,Midfield,2
243780,Lee Kang In CAM CM RW,"Paris Saint Germain
2023 ~ 2028",22,CAM,35500000.0,86,79,68000.0,72800000.0,2,2069,7,395,350,353,402,138,57,374,Midfield,2
256516,Nico Williams LM RM,"Athletic Club
2020 ~ 2027",20,CAM,47500000.0,88,82,29000.0,109300000.0,2,2014,6,443,370,313,380,89,60,359,Midfield,2
259075,Yan Couto RM RB,"Girona
Jun 30, 2024 On loan",21,RM,28500000.0,85,78,78000.0,0.0,1,2001,7,411,327,331,354,214,47,317,Midfield,2
177003,L. Modrić CM CAM,"Real Madrid
2012 ~ 2024",37,CM,21500000.0,86,86,175000.0,44100000.0,4,2239,0,414,362,390,427,215,52,379,Midfield,2
242964,A. Gordon LW RW ST,"Newcastle United
2023 ~ 2028",22,RM,32500000.0,86,81,105000.0,64200000.0,1,2002,5,405,362,328,378,146,40,343,Midfield,2
251566,Gabriel Martinelli LW,"Arsenal
2019 ~ 2027",22,RM,61500000.0,88,84,145000.0,118400000.0,2,2085,4,429,377,342,380,131,35,391,Midfield,2
231936,B. White RB CB,"Arsenal
2021 ~ 2028",25,CDM,35000000.0,84,82,110000.0,67400000.0,2,1858,2,357,318,316,303,249,42,273,Midfield,2
247851,Bruno Guimarães CM CDM,"Newcastle United
2022 ~ 2028",25,CM,55500000.0,87,84,145000.0,109600000.0,2,2238,3,389,398,397,396,244,55,359,Midfield,2
256079,M. Caicedo CDM CM,"Chelsea
2023 ~ 2031",21,CDM,33500000.0,86,79,67000.0,70400000.0,2,2030,7,371,367,346,347,234,56,309,Midfield,2
246420,J. Doku RW RM LW,"Manchester City
2023 ~ 2028",21,CAM,39500000.0,87,79,95000.0,81000000.0,3,1831,8,440,335,281,337,75,50,313,Midfield,2
261865,Miguel Gutiérrez LB LM,"Girona
2022 ~ 2027",21,LM,27000000.0,85,78,19000.0,62100000.0,1,1995,7,390,344,326,344,221,48,322,Midfield,2
243245,O. Kökçü CM CAM CDM,"Benfica
2023 ~ 2028",22,CM,44000000.0,86,82,18000.0,91300000.0,2,2177,4,376,389,398,412,212,43,347,Midfield,2
248148,Zubimendi CDM CM,"Real Sociedad
2018 ~ 2027",24,CDM,35500000.0,86,81,33000.0,77200000.0,1,2024,5,360,348,353,346,237,52,328,Midfield,2
246174,H. Elliott CAM CM RW,"Liverpool
2019 ~ 2027",20,CAM,23000000.0,85,77,65000.0,47200000.0,1,1906,8,399,305,330,356,152,47,317,Midfield,2
253004,Ansu Fati LM ST CAM,"Brighton & Hove Albion
Jun 30, 2024 On loan",20,CAM,23000000.0,82,76,81000.0,0.0,3,1896,8,424,330,291,374,83,40,354,Midfield,2
255475,Antony RM RW,"Manchester United
2022 ~ 2027",23,CAM,26500000.0,84,79,95000.0,52300000.0,3,2011,5,426,360,352,383,110,54,326,Midfield,2
259681,Rodri LM RM CAM,"Real Betis
2019 ~ 2028",23,CAM,31000000.0,86,78,23000.0,71300000.0,1,1900,8,397,341,294,352,118,60,338,Midfield,2
244675,Sancet CAM CM ST,"Athletic Club
2017 ~ 2032",23,CAM,46000000.0,87,82,34000.0,100100000.0,1,2215,5,392,409,391,382,198,54,389,Midfield,2
245155,M. Kudus RM CAM ST,"West Ham United
2023 ~ 2028",22,CAM,34000000.0,86,80,66000.0,71400000.0,3,2075,6,430,383,344,359,172,42,345,Midfield,2
247090,E. Fernández CM CDM CAM,"Chelsea
2023 ~ 2032",22,CM,48500000.0,88,82,110000.0,101900000.0,3,2184,6,379,393,388,408,222,39,355,Midfield,2
253306,M. Ugarte CDM CM,"Paris Saint Germain
2023 ~ 2028",22,CDM,36500000.0,86,81,69000.0,70300000.0,1,2068,5,365,366,383,355,239,53,307,Midfield,2
238616,Pedro Neto RW LW ST,"Wolverhampton Wanderers
2019 ~ 2027",23,CAM,25000000.0,83,79,68000.0,49400000.0,1,1895,4,422,354,309,351,72,44,343,Midfield,2
243576,Pedro Porro RB,"Tottenham Hotspur
2023 ~ 2028",23,RM,38500000.0,85,82,80000.0,76000000.0,2,2216,3,394,400,379,403,229,48,363,Midfield,2
255253,Vitinha CM,"Paris Saint Germain
2022 ~ 2027",23,CM,52000000.0,88,84,90000.0,100100000.0,2,2136,4,404,355,386,393,217,43,338,Midfield,2
259377,Yeremy Pino LM LW RM,"Villarreal
2020 ~ 2027",20,CAM,38500000.0,87,79,27000.0,88600000.0,2,1842,8,385,291,286,368,120,45,347,Midfield,2
272449,Pablo Barrios CM,"Atlético Madrid
2022 ~ 2028",20,CAM,16500000.0,86,76,32000.0,38000000.0,1,1932,10,359,334,353,326,200,52,308,Midfield,2
251988,A. Colpani CF RM CAM,"Monza
2022 ~ 2028",24,CAM,28500000.0,85,78,48000.0,54200000.0,1,2101,7,371,386,337,386,200,48,373,Midfield,2
255565,K. Mitoma LM,"Brighton & Hove Albion
2021 ~ 2027",26,CAM,30500000.0,82,81,95000.0,60200000.0,3,2043,1,412,347,336,366,169,56,357,Midfield,2
209889,R. Guerreiro LB CM,"FC Bayern München
2023 ~ 2026",29,CAM,27000000.0,82,82,72000.0,44600000.0,3,2160,0,401,339,347,422,234,45,372,Midfield,2
231521,E. Palacios CM,"Bayer 04 Leverkusen
2020 ~ 2028",24,CM,41500000.0,85,83,59000.0,73700000.0,2,2153,3,363,381,394,372,247,38,358,Midfield,2
232411,C. Nkunku CF ST CAM,"Chelsea
2023 ~ 2029",25,CAM,68500000.0,87,85,170000.0,135300000.0,3,2169,2,424,370,357,417,176,43,382,Midfield,2
242444,João Félix CF ST LW,"FC Barcelona
Jun 30, 2024 On loan",23,CAM,41000000.0,87,81,60000.0,0.0,3,2080,6,414,375,337,393,107,66,388,Midfield,2
244669,M. Hjulmand CDM CM,"Sporting CP
2023 ~ 2028",24,CDM,29000000.0,85,80,14000.0,60200000.0,1,2003,5,328,382,360,360,218,44,311,Midfield,2
222492,L. Sané RM LM,"FC Bayern München
2020 ~ 2025",27,RM,72500000.0,86,86,105000.0,119600000.0,3,2124,0,435,388,328,414,103,52,404,Midfield,2
238216,C. Gallagher CM CAM CDM,"Chelsea
2017 ~ 2025",23,CM,25000000.0,84,79,89000.0,49400000.0,2,2109,4,369,390,374,373,225,46,332,Midfield,2
240243,Matheus Cunha ST CAM CF,"Wolverhampton Wanderers
2023 ~ 2027",24,CAM,25500000.0,83,79,68000.0,50400000.0,2,2063,4,404,391,341,379,121,52,375,Midfield,2
240638,T. Reijnders CM CAM CDM,"Milan
2023 ~ 2028",24,CAM,31500000.0,85,80,60000.0,55900000.0,1,2149,5,396,390,361,385,216,48,353,Midfield,2
253002,G. Raspadori CF ST LW,"Napoli
2023 ~ 2028",23,CAM,28500000.0,85,78,49000.0,54200000.0,2,1871,7,403,341,304,348,68,50,357,Midfield,2
228813,Aleix García CM CDM,"Girona
2021 ~ 2026",26,CM,44500000.0,85,83,42000.0,96800000.0,2,2177,2,377,366,368,420,233,50,363,Midfield,2
239837,A. Mac Allister CM CAM CDM,"Liverpool
2023 ~ 2028",24,CM,54500000.0,86,84,130000.0,104900000.0,3,2259,2,389,391,396,417,229,56,381,Midfield,2
240950,Pedro Gonçalves LW RW CM,"Sporting CP
2020 ~ 2027",25,CAM,40500000.0,85,82,22000.0,84000000.0,1,2146,3,407,360,386,405,166,56,366,Midfield,2
200145,Casemiro CDM,"Manchester United
2022 ~ 2026",31,CDM,47500000.0,86,86,175000.0,90300000.0,4,2227,0,323,424,400,381,260,67,372,Midfield,2
208128,H. Çalhanoğlu CM CDM,"Inter
2021 ~ 2027",29,CM,66000000.0,86,86,140000.0,112200000.0,3,2235,0,386,379,405,434,213,50,368,Midfield,2
211110,P. Dybala CF CAM ST,"Roma
2022 ~ 2025",29,CAM,68000000.0,86,86,130000.0,115600000.0,3,2116,0,420,378,346,440,112,26,394,Midfield,2
212194,J. Brandt CAM RM CM,"Borussia Dortmund
2019 ~ 2026",27,CAM,48500000.0,85,84,72000.0,86100000.0,3,2111,1,396,391,326,411,150,55,382,Midfield,2
212242,R. Andrich CDM CB,"Bayer 04 Leverkusen
2021 ~ 2026",28,CDM,27000000.0,82,82,65000.0,45900000.0,2,2159,0,319,414,378,382,245,54,367,Midfield,2
223334,Joelinton CM LW,"Newcastle United
2019 ~ 2028",26,CM,35500000.0,83,82,125000.0,70100000.0,2,2196,1,380,413,396,343,238,56,370,Midfield,2
204923,M. Sabitzer CM CAM CDM,"Borussia Dortmund
2023 ~ 2027",29,CM,29500000.0,83,83,63000.0,50200000.0,3,2246,0,390,398,393,399,219,66,381,Midfield,2
220697,J. Maddison CAM CM,"Tottenham Hotspur
2023 ~ 2028",26,CAM,63500000.0,86,85,135000.0,125400000.0,2,2130,1,391,355,361,431,166,65,361,Midfield,2
226161,Marcos Llorente CM RM RWB,"Atlético Madrid
2019 ~ 2027",28,CM,42000000.0,84,84,85000.0,88200000.0,3,2262,0,412,415,393,383,235,51,373,Midfield,2
226754,I. Bennacer CDM CM CAM,"Milan
2019 ~ 2027",25,CDM,50500000.0,87,84,84000.0,89600000.0,2,2266,3,419,393,393,406,241,62,352,Midfield,2
233927,Lucas Paquetá LM CAM CM,"West Ham United
2022 ~ 2027",25,CAM,36500000.0,81,82,85000.0,72100000.0,2,2190,1,376,391,386,402,202,57,376,Midfield,2
241852,M. Diaby RW ST CF,"Aston Villa
2023 ~ 2028",23,LM,47000000.0,84,83,105000.0,92800000.0,3,1987,2,455,332,314,370,129,47,340,Midfield,2
244260,Dani Olmo CAM CF,"RB Leipzig
2020 ~ 2027",25,CAM,50500000.0,87,83,71000.0,89600000.0,3,2048,4,394,344,341,402,144,66,357,Midfield,2
244369,V. Tsygankov RM CM CAM,"Girona
2023 ~ 2027",25,RM,43500000.0,84,83,41000.0,94600000.0,2,2050,1,405,349,347,400,136,49,364,Midfield,2
251445,Samuel Lino LM LWB,"Atlético Madrid
2022 ~ 2027",23,RM,26500000.0,84,79,48000.0,57600000.0,1,1976,5,403,353,330,353,146,50,341,Midfield,2
236987,B. Kamara CDM CM,"Aston Villa
2022 ~ 2027",23,CDM,37500000.0,85,82,80000.0,74100000.0,2,1989,3,342,372,351,336,248,45,295,Midfield,2
246104,R. Gravenberch CM,"Liverpool
2023 ~ 2028",21,CAM,35500000.0,86,79,76000.0,72800000.0,1,2103,7,378,385,352,386,197,49,356,Midfield,2
199503,G. Xhaka CDM,"Bayer 04 Leverkusen
2023 ~ 2028",30,CDM,35500000.0,84,84,74000.0,60400000.0,3,2098,0,292,401,390,394,232,46,343,Midfield,2
225193,Mikel Merino CM CAM,"Real Sociedad
2018 ~ 2025",27,CM,48000000.0,85,84,54000.0,104400000.0,2,2282,1,377,416,404,401,240,57,387,Midfield,2
227813,O. Zinchenko LB,"Arsenal
2022 ~ 2027",26,CM,27500000.0,82,81,105000.0,52900000.0,2,2177,1,372,365,372,412,236,61,359,Midfield,2
183277,23 E. Hazard LW,"Real Madrid
2019 ~ 2024",31,CAM,21500000.0,81,81,170000.0,44100000.0,4,2007,0,401,346,344,413,83,45,375,Midfield,2
198717,W. Zaha LM LW,"Galatasaray
2023 ~ 2026",30,LM,25000000.0,81,81,53000.0,47500000.0,2,2009,0,405,377,341,368,109,61,348,Midfield,2
216388,A. Saint-Maximin LM LW,"Al Ahli Jeddah
2023 ~ 2026",26,LM,28000000.0,81,81,47000.0,47600000.0,2,1930,0,438,378,278,371,78,45,342,Midfield,2
222509,Dani Ceballos CM CAM,"Real Madrid
2017 ~ 2027",26,CAM,20500000.0,80,79,140000.0,43600000.0,2,2063,1,359,345,366,390,214,63,326,Midfield,2
240273,E. Smith Rowe LW CAM,"Arsenal
2017 ~ 2026",22,CAM,22500000.0,84,78,89000.0,46100000.0,1,1846,6,383,330,301,361,98,51,322,Midfield,2
242434,C. Jones CM,"Liverpool
2018 ~ 2027",22,CM,25500000.0,83,79,89000.0,49100000.0,1,2059,4,370,371,358,366,215,44,335,Midfield,2
258683,I. Ilić CM CF CDM,"Torino
2023 ~ 2027",22,CAM,23500000.0,85,77,37000.0,44700000.0,1,2049,8,357,372,345,375,206,53,341,Midfield,2
230786,Pepelu CDM CM,"Valencia
2023 ~ 2028",24,CDM,29000000.0,85,80,33000.0,63100000.0,1,2104,5,350,378,380,387,222,46,341,Midfield,2
233064,M. Mount CM CAM,"Manchester United
2023 ~ 2028",24,CAM,28500000.0,83,80,100000.0,56300000.0,3,2121,3,376,367,363,410,177,56,372,Midfield,2
235973,S. Szymański CAM,"Fenerbahçe
2023 ~ 2027",24,CAM,30000000.0,84,80,36000.0,59300000.0,1,2027,4,407,347,321,388,154,57,353,Midfield,2
242516,C. Gakpo CF LW,"Liverpool
2023 ~ 2028",24,CAM,44000000.0,86,82,120000.0,84700000.0,2,2096,4,400,405,336,395,125,47,388,Midfield,2
245630,Y. Fofana CDM CM,"Monaco
2020 ~ 2025",24,CDM,27500000.0,84,80,46000.0,54300000.0,2,2073,4,362,382,373,356,235,45,320,Midfield,2
247394,D. Kulusevski RW RM CAM,"Tottenham Hotspur
2023 ~ 2028",23,CAM,43500000.0,86,82,100000.0,85900000.0,2,2117,4,381,403,350,389,174,44,376,Midfield,2
260823,N. Fagioli CM CDM,"Juventus
2019 ~ 2026",22,CM,23500000.0,87,77,73000.0,44700000.0,1,2075,10,382,363,350,387,215,48,330,Midfield,2
255001,N. Rovella CM CDM,"Lazio
Jun 30, 2025 On loan",21,CDM,23500000.0,86,77,62000.0,0.0,1,2098,9,384,368,359,379,233,51,324,Midfield,2
209989,T. Partey CDM CM,"Arsenal
2020 ~ 2025",30,CDM,35500000.0,84,84,140000.0,65700000.0,2,2122,0,327,401,369,386,242,49,348,Midfield,2
236401,N. Mazraoui RB LB,"FC Bayern München
2022 ~ 2026",25,RM,29500000.0,83,81,60000.0,50900000.0,2,2102,2,393,362,351,354,234,56,352,Midfield,2
241464,Pau Torres CB,"Aston Villa
2023 ~ 2028",26,CDM,33500000.0,84,82,95000.0,66200000.0,3,1925,2,340,340,327,314,249,59,296,Midfield,2
253124,Matheus Nunes CM LM,"Manchester City
2023 ~ 2028",24,CAM,26500000.0,84,79,100000.0,51000000.0,1,2130,5,399,376,372,377,224,60,322,Midfield,2
202652,R. Sterling LM RM,"Chelsea
2022 ~ 2027",28,LM,30500000.0,82,82,130000.0,58000000.0,4,2052,0,439,366,319,391,132,63,342,Midfield,2
205498,Jorginho CDM CM,"Arsenal
2023 ~ 2024",31,CDM,25500000.0,83,83,125000.0,47200000.0,2,2115,0,332,349,399,405,221,56,353,Midfield,2
210406,P. Zieliński CM CAM,"Napoli
2016 ~ 2026",29,CAM,29500000.0,82,82,72000.0,50200000.0,3,2153,0,405,365,351,400,222,50,360,Midfield,2
215914,N. Kanté CDM CM,"Al Ittihad
2023 ~ 2026",32,CDM,36000000.0,85,85,67000.0,57600000.0,4,2101,0,395,358,378,331,263,54,322,Midfield,2
229906,L. Bailey RM ST RW,"Aston Villa
2021 ~ 2027",25,RM,36500000.0,83,82,100000.0,72100000.0,3,2033,1,434,361,316,395,108,60,359,Midfield,2
232730,D. Kamada CAM CM CF,"Lazio
2023 ~ 2027",26,CAM,30500000.0,82,81,60000.0,54100000.0,2,2059,1,404,347,349,398,164,44,353,Midfield,2
235805,F. Chiesa LM ST RM,"Juventus
2022 ~ 2025",25,LM,50500000.0,85,84,140000.0,89600000.0,3,2122,1,436,400,350,383,152,37,364,Midfield,2
245037,Eric García CB CDM RB,"Girona
Jun 30, 2024 On loan",22,CDM,19500000.0,83,78,90000.0,0.0,2,1832,5,321,307,312,319,239,50,284,Midfield,2
266866,Éderson CM CAM,"Atalanta
2022 ~ 2026",23,CM,26500000.0,84,79,46000.0,47000000.0,1,2081,5,359,380,364,353,229,62,334,Midfield,2
225126,E. Skhiri CDM CM,"Eintracht Frankfurt
2023 ~ 2027",28,CDM,25000000.0,82,81,46000.0,44400000.0,2,2115,1,347,382,367,363,234,65,357,Midfield,2
226226,G. Lo Celso CAM ST,"Tottenham Hotspur
2020 ~ 2025",27,CAM,22500000.0,80,80,88000.0,42800000.0,2,2163,0,381,368,376,411,205,56,366,Midfield,2
228251,L. Pellegrini CAM CM CF,"Roma
2017 ~ 2026",27,CM,42000000.0,84,83,88000.0,74600000.0,2,2264,1,405,402,393,403,223,53,385,Midfield,2
230899,A. Lookman ST RM RW,"Atalanta
2022 ~ 2026",25,CAM,33000000.0,83,81,62000.0,58600000.0,1,1977,2,432,370,318,352,74,54,377,Midfield,2
233195,X. Schlager CDM CM,"RB Leipzig
2022 ~ 2026",25,CDM,29000000.0,83,81,54000.0,51500000.0,2,2088,2,381,384,377,369,227,41,309,Midfield,2
242187,C. Baumgartner CAM CM ST,"RB Leipzig
2023 ~ 2028",23,CAM,26500000.0,84,79,48000.0,47000000.0,2,1955,5,389,333,322,357,136,55,363,Midfield,2
168542,23 David Silva CAM CM,"Real Sociedad
2020 ~ 2024",36,CAM,12000000.0,83,83,37000.0,25200000.0,4,2015,0,375,311,354,413,140,46,376,Midfield,2
244778,Trincão RW RM LW,"Sporting CP
2023 ~ 2026",23,CAM,22000000.0,85,79,15000.0,48400000.0,1,1912,6,379,349,310,372,107,42,353,Midfield,2
189513,Parejo CM CDM,"Villarreal
2020 ~ 2026",34,CM,19500000.0,84,84,54000.0,41000000.0,2,2170,0,314,373,397,427,223,48,388,Midfield,2
189596,T. Müller CAM CF ST,"FC Bayern München
2008 ~ 2025",33,CAM,19000000.0,82,82,75000.0,31400000.0,4,2082,0,342,375,368,378,150,52,417,Midfield,2
193747,Koke CDM CM,"Atlético Madrid
2011 ~ 2025",31,CDM,29500000.0,84,84,74000.0,62000000.0,3,2204,0,374,391,389,404,234,54,358,Midfield,2
199556,M. Verratti CM CDM,"Paris Saint Germain
2012 ~ 2026",30,CM,65000000.0,85,85,135000.0,120300000.0,3,2176,0,383,306,405,421,244,64,353,Midfield,2
207410,M. Kovačić CM CDM,"Manchester City
2023 ~ 2027",29,CM,29500000.0,82,82,150000.0,54600000.0,3,2116,0,393,358,367,407,216,34,341,Midfield,2
213345,K. Coman LM RM,"FC Bayern München
2015 ~ 2027",27,LM,57500000.0,85,85,100000.0,94900000.0,4,1974,0,439,369,291,402,77,21,375,Midfield,2
216594,N. Fekir CAM ST,"Real Betis
2019 ~ 2026",29,CAM,30000000.0,82,82,36000.0,63000000.0,3,2112,0,416,396,355,407,109,61,368,Midfield,2
227535,R. Bentancur CM CDM,"Tottenham Hotspur
2022 ~ 2026",26,CM,39500000.0,85,82,100000.0,78000000.0,2,2163,3,365,363,383,392,240,55,365,Midfield,2
230938,F. Kessié CDM CM,"Al Ahli Jeddah
2023 ~ 2026",26,CDM,34000000.0,84,82,46000.0,60400000.0,3,2211,2,383,427,404,350,243,54,350,Midfield,2
235173,I. Sangaré CDM CM,"Nottingham Forest
2023 ~ 2028",25,CDM,31000000.0,84,81,70000.0,61200000.0,3,2097,3,352,400,365,354,243,44,339,Midfield,2
239807,D. Frattesi CM,"Inter
Jun 30, 2024 On loan",23,CAM,36500000.0,85,81,22000.0,0.0,1,2126,4,393,368,371,381,213,44,356,Midfield,2
253109,J. Veerman CM CDM CAM,"PSV
2022 ~ 2026",24,CM,30000000.0,84,80,21000.0,44300000.0,2,2029,4,331,370,349,395,192,47,345,Midfield,2
190460,C. Eriksen CM CDM,"Manchester United
2022 ~ 2025",31,CM,17500000.0,80,80,115000.0,33299999.999999996,3,1955,0,323,335,323,428,132,43,371,Midfield,2
192318,M. Götze CM CF LM,"Eintracht Frankfurt
2022 ~ 2025",31,CM,21000000.0,81,81,49000.0,35700000.0,4,2084,0,368,364,369,404,159,49,371,Midfield,2
213648,P. Højbjerg CDM CM,"Tottenham Hotspur
2020 ~ 2025",27,CDM,31000000.0,83,82,95000.0,61200000.0,2,2097,1,316,398,369,383,234,50,347,Midfield,2
216393,Y. Tielemans CM CDM CAM,"Aston Villa
2023 ~ 2027",26,CM,30000000.0,82,81,95000.0,59300000.0,2,2119,1,318,384,371,408,207,50,381,Midfield,2
227236,A. Zambo Anguissa CDM CM,"Napoli
2022 ~ 2025",27,CDM,26500000.0,82,81,58000.0,47000000.0,1,2117,1,385,399,378,335,239,50,331,Midfield,2
235794,E. Eze CAM CM LM,"Crystal Palace
2020 ~ 2027",25,CAM,31000000.0,85,80,48000.0,61200000.0,1,2045,5,396,362,344,398,140,55,350,Midfield,2
236480,Y. Bissouma CDM CM,"Tottenham Hotspur
2022 ~ 2026",26,CM,25000000.0,83,80,81000.0,49400000.0,2,2117,3,373,387,358,381,234,48,336,Midfield,2
236499,Douglas Luiz CM CDM,"Aston Villa
2019 ~ 2026",25,CM,38000000.0,84,82,100000.0,75100000.0,2,2218,2,363,390,393,418,226,48,380,Midfield,2
189509,Thiago CM,"Liverpool
2020 ~ 2024",32,CM,24000000.0,82,82,125000.0,44400000.0,3,2125,0,371,330,378,424,206,46,370,Midfield,2
195864,P. Pogba CM CDM,"Juventus
2022 ~ 2026",30,CM,29000000.0,80,80,120000.0,49300000.0,4,2147,0,339,403,382,431,184,20,388,Midfield,2
198706,Luis Alberto CM,"Lazio
2016 ~ 2027",30,CM,40500000.0,84,84,78000.0,68900000.0,2,2069,0,378,359,316,426,188,43,359,Midfield,2
199576,Oriol Romeu CDM CM,"FC Barcelona
2023 ~ 2026",31,CDM,15000000.0,80,80,125000.0,30800000.0,2,1918,0,273,363,360,325,238,63,296,Midfield,2
212523,Anderson Talisca RM CAM ST,"Al Nassr
2021 ~ 2026",29,LM,30000000.0,82,82,59000.0,48000000.0,2,2161,0,385,402,361,420,142,59,392,Midfield,2
213516,Ricardo Horta CAM LM RM,"Sporting Braga
2017 ~ 2026",28,CAM,30500000.0,82,82,24000.0,61000000.0,1,2090,0,410,380,368,396,111,47,378,Midfield,2
222737,Malcom CAM RM,"Al Hilal
2023 ~ 2027",26,CAM,33500000.0,82,82,56000.0,53600000.0,2,2090,0,423,397,314,403,123,53,377,Midfield,2
224371,J. Bowen RM ST,"West Ham United
2020 ~ 2030",26,RM,28000000.0,81,81,82000.0,53200000.0,2,2036,0,397,379,328,372,127,53,380,Midfield,2
186942,İ. Gündoğan CM CDM,"FC Barcelona
2023 ~ 2025",32,CM,53500000.0,86,86,220000.0,109700000.0,3,2200,0,365,374,395,427,219,48,372,Midfield,2
192883,H. Mkhitaryan CAM CM CDM,"Inter
2022 ~ 2024",34,CAM,14500000.0,82,82,95000.0,24700000.0,3,2145,0,407,388,371,390,161,42,386,Midfield,2
206113,S. Gnabry RM CF LM,"FC Bayern München
2017 ~ 2026",27,RM,38500000.0,83,83,82000.0,63500000.0,3,2055,0,419,378,330,376,132,50,370,Midfield,2
210324,J. Hofmann CAM,"Bayer 04 Leverkusen
2023 ~ 2027",30,CAM,35000000.0,83,83,74000.0,59500000.0,3,2135,0,391,371,385,397,184,42,365,Midfield,2
222077,M. Locatelli CDM CM,"Juventus
2023 ~ 2028",25,CM,38500000.0,86,82,105000.0,68300000.0,2,2142,4,337,403,365,382,238,59,358,Midfield,2
223848,S. Milinković-Savić CM CDM,"Al Hilal
2023 ~ 2026",28,CM,68000000.0,86,86,84000.0,108800000.0,3,2244,0,337,429,382,417,233,47,399,Midfield,2
225375,K. Laimer CDM CM RB,"FC Bayern München
2023 ~ 2027",26,CDM,38000000.0,84,83,75000.0,65599999.99999999,3,2162,1,396,380,380,349,242,58,357,Midfield,2
210411,Otávio CAM RM CM,"Al Nassr
2023 ~ 2026",28,CAM,30500000.0,82,82,59000.0,48800000.0,2,2185,0,409,364,387,402,199,57,367,Midfield,2
234742,H. Barnes LW LM,"Newcastle United
2023 ~ 2028",25,CAM,25000000.0,81,80,115000.0,49400000.0,2,1982,1,407,378,311,377,127,40,342,Midfield,2
204485,R. Mahrez RM RW,"Al Ahli Jeddah
2023 ~ 2027",32,RM,54000000.0,86,86,72000.0,91800000.0,3,2071,0,421,369,328,420,101,54,378,Midfield,2
208574,F. Kostić LM LWB,"Juventus
2022 ~ 2026",30,LM,35000000.0,83,83,130000.0,59500000.0,3,2251,0,405,411,369,410,215,64,377,Midfield,2
225659,G. Rodríguez CDM,"Real Betis
2020 ~ 2024",28,CDM,32000000.0,83,83,37000.0,67200000.0,2,1981,0,272,382,364,340,259,59,305,Midfield,2
232487,W. Endo CDM CM,"Liverpool
2023 ~ 2027",30,CDM,17500000.0,80,80,100000.0,32400000.0,2,2049,0,368,384,367,330,235,45,320,Midfield,2
202648,Sergi Darder CM CAM CDM,"Mallorca
2023 ~ 2028",29,CM,29500000.0,82,82,40000.0,62000000.0,2,2226,0,403,398,376,405,226,46,372,Midfield,2
208670,H. Ziyech RM CAM,"Galatasaray
Jun 30, 2024 On loan",30,RM,20500000.0,80,80,110000.0,0.0,3,2033,0,383,333,351,411,142,51,362,Midfield,2
209499,Fabinho CDM CM,"Al Ittihad
2023 ~ 2026",29,CDM,31000000.0,83,83,59000.0,49600000.0,3,2115,0,320,390,402,365,247,47,344,Midfield,2
10535,15 Xavi CM,"FC Barcelona
1998 ~ 2020",34,CAM,15500000.0,86,86,160000.0,0.0,4,2104,0,391,312,376,435,175,46,369,Midfield,2
183898,Á. Di María RM CF,"Benfica
2023 ~ 2024",35,CAM,17500000.0,84,84,19000.0,35000000.0,4,2146,0,392,368,366,442,148,51,379,Midfield,2
187961,22 Paulinho CM CAM CDM,"Al Ahli Jeddah
2021 ~ 2024",32,CM,28500000.0,83,83,61000.0,48500000.0,3,2273,0,383,428,397,382,234,57,392,Midfield,2
208722,S. Mané LM RM CF,"Al Nassr
2023 ~ 2027",31,LM,44500000.0,85,85,74000.0,71200000.0,4,2129,0,426,395,350,383,122,56,397,Midfield,2
212616,R. De Paul CM,"Atlético Madrid
2021 ~ 2026",29,CM,41000000.0,84,84,85000.0,86100000.0,3,2260,0,393,408,392,412,231,56,368,Midfield,2
216352,M. Brozović CDM CM,"Al Nassr
2023 ~ 2026",30,CDM,30500000.0,83,83,56000.0,48800000.0,3,2208,0,373,398,385,397,244,50,361,Midfield,2
198710,22 J. Rodríguez RW CAM CM,"Everton
2020 ~ 2022",29,CAM,25500000.0,81,81,105000.0,48500000.0,4,2091,0,343,342,360,436,137,64,409,Midfield,2
180206,23 M. Pjanić CM CDM,"FC Barcelona
2020 ~ 2024",32,CM,20000000.0,81,81,145000.0,41000000.0,3,2137,0,368,347,376,425,222,42,357,Midfield,2
226271,Fabián Ruiz CM CDM,"Paris Saint Germain
2022 ~ 2027",27,CM,22500000.0,80,80,83000.0,41600000.0,2,2091,0,323,377,366,378,223,60,364,Midfield,2
216320,S. Fofana CM CDM,"Al Ettifaq
Jun 30, 2024 On loan",28,CM,25500000.0,81,81,54000.0,0.0,3,2131,0,353,424,371,373,219,47,344,Midfield,2
169195,21 Renato Augusto CM CAM LM,"Beijing Guoan
2016 ~ 2021",32,CM,28500000.0,83,83,33000.0,45600000.0,2,2183,0,376,376,374,409,212,56,380,Midfield,2
232545,N. Broadhead LM ST,"Ipswich Town
2023 ~ 2026",25,LM,2800000.0,73,72,15000.0,5500000.0,1,1837,1,377,350,300,338,97,39,336,Midfield,3
197975,S. Morsy CDM,"Ipswich Town
2021 ~ 2024",31,CDM,3000000.0,74,74,17000.0,5700000.0,1,1918,0,334,365,333,315,214,58,299,Midfield,3
212484,W. Burns RM RWB,"Ipswich Town
2021 ~ 2025",28,RM,1900000.0,71,71,14000.0,3600000.0,1,1939,0,414,366,311,305,176,51,316,Midfield,3
237424,Paik Seung Ho CM CDM,"Birmingham City
2024 ~ 2026",26,CM,3600000.0,74,73,15000.0,7100000.0,1,1997,1,363,383,337,359,190,48,317,Midfield,3
277912,N. Lemina LW,"Wolverhampton Wanderers
Jun 30, 2024 On loan",18,CAM,1400000.0,78,64,6000.0,0.0,1,1635,14,380,297,246,310,85,50,267,Midfield,3
246682,K. Dembélé RW CM,"Blackpool
Jun 30, 2024 On loan",20,CAM,3100000.0,78,69,8000.0,0.0,1,1734,9,410,273,274,319,130,59,269,Midfield,3
207494,J. Lingard CAM ST,"Seoul
2024 ~ 2025",30,CAM,4099999.9999999995,74,74,8000.0,5100000.0,2,2000,0,376,348,342,357,167,54,356,Midfield,3
234640,B. Jatta RW,"Hamburger SV
2016 ~ 2024",25,RM,2400000.0,73,71,19000.0,4000000.0,1,1855,2,363,380,309,306,130,43,324,Midfield,3
240697,S. Baptiste CM CDM,"Brentford
2020 ~ 2024",25,CM,2100000.0,73,70,26000.0,4099999.9999999995,1,1893,3,362,328,321,309,204,57,312,Midfield,3
272600,Marc Casadó CDM CM RB,"FC Barcelona
2022 ~ 2024",19,CAM,1600000.0,79,65,12000.0,4300000.0,1,1687,14,310,275,286,306,182,57,271,Midfield,3
240754,Y. Atal RB RW,"Adana Demirspor
2024 ~ 2024",27,RM,3200000.0,74,73,12000.0,6600000.0,2,2012,1,401,330,349,340,208,47,337,Midfield,3
241689,R. Massimo RM,"VfB Stuttgart
2018 ~ 2024",22,RM,1900000.0,74,68,9000.0,3600000.0,1,1732,6,385,320,271,267,163,48,278,Midfield,3
246681,I. El Mizouni CDM CM,"Leyton Orient
Jun 30, 2024 On loan",22,CDM,1800000.0,74,68,7000.0,0.0,1,1791,6,323,338,322,307,188,44,269,Midfield,3
248474,T. Anjorin CAM,"Portsmouth
Jun 30, 2024 On loan",21,CAM,1900000.0,75,66,17000.0,0.0,1,1802,9,336,346,294,330,152,56,288,Midfield,3
252240,A. Soñora CM CAM RM,"Huracán
2023 ~ 2024",24,CAM,2400000.0,73,71,8000.0,3800000.0,1,1984,2,376,347,340,372,180,49,320,Midfield,3
213597,22 D. Valdés CAM CM,"América
2022 ~ 2026",27,CAM,4500000.0,74,74,37000.0,7700000.0,1,1950,0,371,362,326,360,147,45,339,Midfield,3
215639,Kenedy LM RM ST,"Real Valladolid
2022 ~ 2027",27,LM,3200000.0,73,73,10000.0,5100000.0,1,1974,0,368,351,327,361,173,64,330,Midfield,3
186561,A. Ramsey CM CAM,"Cardiff City
2023 ~ 2025",32,CM,3300000.0,74,74,17000.0,6300000.0,3,1947,0,310,321,356,381,200,40,339,Midfield,3
260464,J. Fujita CDM CM,"Sint-Truiden
2023 ~ 2027",21,CDM,2200000.0,76,67,3000.0,3600000.0,1,1785,9,346,325,307,294,196,56,261,Midfield,3
271196,Joan González CM,"Lecce
2022 ~ 2027",21,CM,3600000.0,80,70,7000.0,7200000.0,1,1847,10,308,360,334,337,153,57,298,Midfield,3
238379,N. Nartey CM CDM LWB,"VfB Stuttgart
2019 ~ 2025",23,LM,2400000.0,75,68,9000.0,4600000.0,1,1799,7,366,295,307,297,196,53,285,Midfield,3
248050,H. Burrows LB CAM,"Peterborough United
2019 ~ 2024",21,LM,2200000.0,75,67,3000.0,4300000.0,1,1806,8,400,288,287,312,184,57,278,Midfield,3
252508,K. Kozłowski LM CAM,"Vitesse
Jun 30, 2024 On loan",19,CAM,2900000.0,80,68,15000.0,0.0,1,1859,12,377,338,296,318,191,46,293,Midfield,3
257785,M. Brescianini CM CDM,"Frosinone
2023 ~ 2027",23,CM,2000000.0,74,67,4000.0,4000000.0,1,1774,7,296,355,318,301,183,46,275,Midfield,3
260141,C. Cîrjan CAM CM,"Rapid Bucuresti
Jun 30, 2024 On loan",20,CAM,1700000.0,79,65,15000.0,0.0,1,1720,14,366,264,286,309,159,62,274,Midfield,3
213884,R. Christie CDM CAM RM,"AFC Bournemouth
2021 ~ 2027",28,LM,3700000.0,74,74,37000.0,7000000.0,1,2076,0,384,374,370,366,210,49,323,Midfield,3
224389,J. Larsson RW ST,"København
2023 ~ 2027",26,CAM,2800000.0,73,72,18000.0,3900000.0,1,1903,1,397,357,321,346,85,60,337,Midfield,3
234319,L. Travis CDM CM,"Ipswich Town
Jun 30, 2024 On loan",25,CDM,2100000.0,73,71,23000.0,0.0,1,1868,2,337,357,324,301,208,50,291,Midfield,3
147777,16 A. Arshavin LW RW,"Kuban' Krasnodar
2015 ~ 2016",34,CAM,2100000.0,75,75,25000.0,0.0,2,1842,0,377,316,299,379,77,55,339,Midfield,3
207956,P. Mpanzu CM CDM,"Luton Town
2014 ~ 2024",29,CM,1800000.0,71,71,29000.0,3600000.0,1,1982,0,382,399,318,296,204,63,320,Midfield,3
269599,J. Gauto LM RM,"Basel
2023 ~ 2028",19,RM,2400000.0,76,70,5000.0,4000000.0,1,1751,6,399,349,245,303,89,50,316,Midfield,3
271477,A. Bianco CM,"Reggiana
Jun 30, 2024 On loan",20,CM,1900000.0,77,66,10000.0,0.0,1,1635,11,330,256,285,291,178,38,257,Midfield,3
273827,G. Puerta CM,"Bayer 04 Leverkusen
2023 ~ 2028",19,CM,1700000.0,79,65,6000.0,4000000.0,1,1706,14,329,297,299,285,179,54,263,Midfield,3
255611,D. Maldini CAM ST,"Monza
Jun 30, 2024 On loan",21,CAM,2700000.0,78,68,15000.0,0.0,1,1720,10,343,283,271,341,115,65,302,Midfield,3
255862,S. Rodríguez CAM LM CF,"New York City
2023 ~ 2027",23,CAM,3700000.0,77,72,6000.0,6100000.0,1,1729,6,380,297,282,321,107,47,295,Midfield,3
258932,L. Barry LM LW ST,"Stockport County
Jun 30, 2024 On loan",20,RM,1400000.0,77,64,11000.0,0.0,1,1636,13,408,328,230,265,80,47,278,Midfield,3
238490,I. Chair LW LM CAM,"Queens Park Rangers
2017 ~ 2025",25,CAM,3600000.0,74,73,16000.0,7100000.0,1,1768,1,407,308,259,350,90,55,299,Midfield,3
243019,T. Băluță CDM CM,"SSC Farul
2022 ~ 2024",24,CDM,2100000.0,74,70,6000.0,3000000.0,1,1782,4,304,370,285,312,196,38,277,Midfield,3
243390,I. Poveda RM CAM,"Sheffield Wednesday
Jun 30, 2024 On loan",23,LM,2100000.0,74,69,17000.0,0.0,1,1594,5,392,274,241,281,102,42,262,Midfield,3
243392,R. Matondo LW ST LM,"Rangers
2022 ~ 2026",22,RM,2500000.0,73,71,29000.0,4700000.0,1,1778,2,421,316,255,328,118,44,296,Midfield,3
247888,S. Esposito ST CAM,"Sampdoria
Jun 30, 2024 On loan",20,CAM,3100000.0,78,69,24000.0,0.0,1,1824,9,340,342,275,368,99,59,341,Midfield,3
251873,Y. Demir RM CAM RW,"Basel
Jun 30, 2024 On loan",20,CAM,2600000.0,76,68,11000.0,0.0,1,1625,8,393,270,247,335,44,50,286,Midfield,3
252134,L. Clarkson CM CDM CAM,"Aberdeen
2023 ~ 2027",21,CM,4200000.0,80,70,5000.0,8199999.999999999,1,1896,10,365,309,310,354,186,59,313,Midfield,3
226677,J. Bacuna CDM LM CM,"Birmingham City
2022 ~ 2025",25,CAM,2000000.0,74,70,9000.0,4000000.0,1,2003,4,358,379,344,355,194,49,324,Midfield,3
233851,J. Taylor CDM CM,"Ipswich Town
2023 ~ 2026",25,CM,1900000.0,74,69,9000.0,3800000.0,1,1919,5,355,367,314,316,193,61,313,Midfield,3
235618,K. Wilson RWB RB RM,"Derby County
2023 ~ 2025",23,RM,1900000.0,74,67,4000.0,3700000.0,1,1808,7,382,336,293,306,171,56,264,Midfield,3
235717,B. Özcan CM CDM ST,"İstanbul Başakşehir
2020 ~ 2027",25,CAM,3100000.0,75,72,17000.0,6400000.0,1,1896,3,359,338,319,359,159,60,302,Midfield,3
235781,Santi Comesaña CM CDM,"Villarreal
2023 ~ 2027",26,CDM,6500000.0,74,73,28000.0,14100000.0,1,1928,1,309,364,330,331,235,45,314,Midfield,3
202282,S. Armstrong CM,"Southampton
2018 ~ 2024",31,CAM,2500000.0,73,73,34000.0,4800000.0,1,2007,0,340,348,350,372,191,59,347,Midfield,3
139068,Nani LM LW ST,"Adana Demirspor
2023 ~ 2024",36,LM,1000000.0,73,73,9000.0,2000000.0,3,1901,0,348,364,316,387,83,40,363,Midfield,3
189358,23 S. Kagawa CAM CF CM,"Sint-Truiden
2022 ~ 2023",33,CAM,1200000.0,71,71,10000.0,1700000.0,3,1779,0,324,262,305,363,148,50,327,Midfield,3
261195,E. Muçi CAM LW,"Beşiktaş
2024 ~ 2025",22,CAM,2700000.0,79,70,9000.0,5700000.0,1,1667,9,376,335,239,318,51,57,291,Midfield,3
261446,M. Aydın RB,"Trabzonspor
Jun 30, 2024 On loan",21,RM,2700000.0,76,69,4000.0,0.0,1,1870,7,379,304,317,322,198,56,294,Midfield,3
261745,L. Günther LWB LB,"Wehen Wiesbaden
Jun 30, 2024 On loan",20,LM,1300000.0,77,64,4000.0,0.0,1,1752,13,352,314,268,292,163,60,303,Midfield,3
262510,Turrientes CM CDM,"Real Sociedad
2022 ~ 2027",21,CM,2700000.0,79,68,9000.0,6200000.0,1,1785,11,348,278,313,341,184,45,276,Midfield,3
263279,O. Pohlmann CM LM CF,"Borussia Dortmund
2023 ~ 2025",22,CAM,1900000.0,74,68,13000.0,3600000.0,1,1833,6,360,336,298,345,147,58,289,Midfield,3
264409,F. Alidou LM RM,"FC Köln
Jun 30, 2024 On loan",21,RM,3100000.0,78,69,12000.0,0.0,1,1610,9,368,300,250,302,78,36,276,Midfield,3
270465,B. Bouanani RW,"Lorient
Jun 30, 2024 On loan",18,CAM,2900000.0,79,69,8000.0,0.0,1,1684,10,350,290,259,328,92,55,310,Midfield,3
251401,T. Coulibaly LM RM CF,"Montpellier
2023 ~ 2026",22,LM,3200000.0,77,70,11000.0,7000000.0,1,1733,7,377,282,295,311,127,45,296,Midfield,3
251545,D. Churlinov RM ST CAM,"Schalke 04
Jun 30, 2024 On loan",22,CAM,2800000.0,76,69,18000.0,0.0,1,1846,7,389,302,308,333,151,52,311,Midfield,3
251690,J. Rudoni CM CAM CDM,"Huddersfield Town
2022 ~ 2026",22,CAM,2300000.0,77,67,3000.0,4700000.0,1,1867,10,351,350,313,322,183,50,298,Midfield,3
254579,L. Da Cunha CAM RM,"Como
2023 ~ 2026",22,CAM,3600000.0,77,72,3000.0,6000000.0,1,1812,5,369,323,282,347,117,60,314,Midfield,3
256933,A. Şimşir LW ST,"Midtjylland
2020 ~ 2028",21,CAM,3000000.0,80,68,9000.0,4500000.0,1,1720,12,384,312,271,313,106,54,280,Midfield,3
259612,J. Castillo CDM CM,"Gil Vicente
2023 ~ 2027",22,CDM,1400000.0,72,67,3000.0,3000000.0,1,1702,5,295,323,298,296,189,47,254,Midfield,3
238196,A. Sigurðsson LM,"Blackburn Rovers
2024 ~ 2025",24,CAM,2400000.0,75,70,20000.0,4700000.0,1,1770,5,370,322,287,322,116,43,310,Midfield,3
238509,É. Youan LM ST RM,"Hibernian
2023 ~ 2026",24,LM,3200000.0,75,72,6000.0,5800000.0,1,1835,3,411,342,274,310,123,59,316,Midfield,3
242214,J. Sands CDM CM CB,"New York City
2017 ~ 2027",22,CDM,2600000.0,76,71,5000.0,4000000.0,1,1711,5,298,311,295,283,205,41,278,Midfield,3
242974,K. Sessa RM CM,"Heidenheim
2018 ~ 2024",22,RM,2400000.0,75,70,14000.0,4500000.0,1,1873,5,394,310,290,324,189,55,311,Midfield,3
244960,Bruno Costa CM CAM,"Vizela
2024 ~ 2024",26,CAM,2700000.0,71,72,5000.0,5900000.0,1,1937,1,361,334,342,345,189,50,316,Midfield,3
245855,D. Chambost CM RM CAM,"Saint-Étienne
2022 ~ 2024",25,CAM,1800000.0,72,69,5000.0,3400000.0,1,1850,3,332,344,310,336,157,51,320,Midfield,3
246871,E. Barrenechea CDM CM,"Frosinone
Jun 30, 2024 On loan",22,CM,2600000.0,79,68,24000.0,0.0,1,1806,11,318,333,319,320,187,45,284,Midfield,3
225441,K. Palmer CAM LM,"Coventry City
2022 ~ 2025",26,CAM,1900000.0,71,70,23000.0,3800000.0,1,1911,1,351,338,316,354,174,59,319,Midfield,3
228082,D. Burnić CDM CM RM,"Karlsruher SC
2023 ~ 2028",25,CDM,1700000.0,73,69,7000.0,2800000.0,1,1787,3,366,302,306,289,200,51,273,Midfield,3
231044,J. Aribo CM CAM,"Southampton
2022 ~ 2026",26,CAM,3600000.0,74,73,34000.0,7100000.0,1,2009,1,376,363,352,346,191,50,331,Midfield,3
231242,A. Ounas RM ST,"LOSC Lille
2022 ~ 2024",26,RM,4600000.0,74,74,27000.0,8700000.0,2,1909,0,404,327,324,364,129,41,320,Midfield,3
235450,Domingos Quina LM CM CAM,"Vizela
Jun 30, 2024 On loan",23,CAM,1500000.0,72,67,5000.0,0.0,1,1710,5,356,273,292,324,136,49,280,Midfield,3
236492,Pedro Díaz CM CDM CAM,"Bordeaux
2023 ~ 2027",25,CAM,2700000.0,76,71,6000.0,5100000.0,1,2005,5,354,369,335,374,204,49,320,Midfield,3
237184,K. Bare CDM CM,"Espanyol
2020 ~ 2024",25,CDM,2600000.0,74,72,7000.0,4400000.0,1,1923,2,367,350,341,315,212,60,278,Midfield,3
212099,S. Tronstad CDM CM,"Blackburn Rovers
2023 ~ 2026",27,CDM,1800000.0,71,71,24000.0,3400000.0,1,1936,0,342,350,340,326,209,63,306,Midfield,3
212125,L. Marković LM RM RW,"Gaziantep F.K.
2022 ~ 2024",29,LM,1800000.0,71,71,10000.0,3600000.0,2,1829,0,401,308,297,349,108,45,321,Midfield,3
213654,G. Kamara CDM CM,"Leeds United
2023 ~ 2027",27,CDM,4000000.0,74,74,34000.0,7600000.0,1,1976,0,388,356,328,333,207,52,312,Midfield,3
221269,J. Riedewald CDM CM LB,"Crystal Palace
2017 ~ 2024",26,CDM,3200000.0,74,73,28000.0,6300000.0,1,1896,1,306,326,313,363,218,61,309,Midfield,3
223871,D. Armstrong RM RWB RW,"Kilmarnock
2021 ~ 2025",25,RM,2200000.0,72,71,5000.0,4000000.0,1,1922,1,394,327,341,351,156,52,301,Midfield,3
180283,Ki Sung Yueng CDM CM,"Seoul
2020 ~ 2025",34,CDM,1000000.0,73,73,7000.0,1300000.0,2,1924,0,272,368,355,369,189,49,322,Midfield,3
183394,M. Sissoko CM CDM CAM,"Nantes
2022 ~ 2024",33,CM,1900000.0,73,73,19000.0,3800000.0,2,1975,0,311,373,346,359,211,51,324,Midfield,3
191076,J. Guðmundsson RM CAM,"Burnley
2016 ~ 2024",32,RM,1900000.0,72,72,32000.0,3800000.0,1,1981,0,346,353,343,367,178,45,349,Midfield,3
202515,23 Jesé LM ST RM,"Sampdoria
2023 ~ 2023",29,LM,1800000.0,71,71,13000.0,3200000.0,2,1787,0,354,362,287,351,52,54,327,Midfield,3
203362,M. Elyounoussi LW RW CM,"København
2023 ~ 2027",28,RM,2400000.0,72,72,19000.0,3100000.0,1,1976,0,366,355,333,347,183,47,345,Midfield,3
152747,22 A. Lennon RM LM,"Burnley
2021 ~ 2022",34,RM,2000000.0,74,74,30000.0,3800000.0,2,1851,0,404,302,311,334,147,55,298,Midfield,3
277211,Franculino ST RW,"Midtjylland
2023 ~ 2028",19,LM,1400000.0,76,64,4000.0,2100000.0,1,1669,12,363,331,252,291,93,49,290,Midfield,3
271507,D. Sylla RWB RM,"Rodez
Jun 30, 2024 On loan",20,RM,1300000.0,77,64,4000.0,0.0,1,1671,13,357,277,256,287,166,48,280,Midfield,3
273730,E. Cabrera CAM CM,"Vélez Sarsfield
2022 ~ 2025",20,CAM,1700000.0,72,65,3000.0,2900000.0,1,1781,7,368,291,284,358,150,48,282,Midfield,3
275205,T. Fernández LM CAM RM,"Vélez Sarsfield
2023 ~ 2025",19,CAM,2900000.0,80,68,4000.0,4900000.0,1,1761,12,382,291,273,350,140,46,279,Midfield,3
262881,22 R. Rios CDM,"Mazatlán
2021 ~ 2025",21,CDM,2200000.0,76,67,3000.0,4200000.0,1,1713,9,300,297,316,292,202,49,257,Midfield,3
263317,M. Łęgowski CDM CM,"Salernitana
2023 ~ 2026",20,CAM,2800000.0,80,68,8000.0,5600000.0,1,1814,12,348,336,293,329,182,40,286,Midfield,3
263745,C. Witzig CM LW,"St. Gallen
2021 ~ 2027",22,CM,3600000.0,79,70,6000.0,6100000.0,1,1875,9,347,341,314,325,182,56,310,Midfield,3
264230,Ureña LM RM ST,"Leganés
Jun 30, 2024 On loan",20,RM,2200000.0,78,67,6000.0,0.0,1,1659,11,361,288,262,307,95,54,292,Midfield,3
264324,Daniel Penha CAM RM LM,"Western United
2023 ~ 2024",24,CAM,2400000.0,75,70,2000.0,3200000.0,1,1755,5,347,309,284,365,100,45,305,Midfield,3
264880,L. Tchaouna ST CF RM,"Salernitana
2023 ~ 2026",19,CAM,2400000.0,79,67,7000.0,4800000.0,1,1784,12,358,337,274,332,106,63,314,Midfield,3
268719,B. Aguilera CAM CM,"Bristol Rovers
Jun 30, 2024 On loan",20,CAM,1700000.0,78,65,11000.0,0.0,1,1581,13,336,248,279,285,136,45,252,Midfield,3
257307,N. Bätzner CAM CF CM,"Wehen Wiesbaden
2023 ~ 2024",23,CAM,1800000.0,73,68,7000.0,2900000.0,1,1800,5,358,299,287,348,169,43,296,Midfield,3
257975,B. Brahimi RW ST,"Stade Brestois 29
Jun 30, 2024 On loan",23,CAM,2300000.0,74,70,20000.0,0.0,1,1720,4,349,340,268,336,74,44,309,Midfield,3
258093,M. Manhoef RM RW LM,"Stoke City
2024 ~ 2027",21,LM,3800000.0,74,72,15000.0,8000000.0,1,1935,6,406,361,307,316,166,48,331,Midfield,3
258139,Raúl Moro LM RM LW,"Real Valladolid
Jun 30, 2024 On loan",20,CAM,2600000.0,80,69,12000.0,0.0,1,1530,11,380,205,245,308,78,47,267,Midfield,3
259331,M. Portanova CM CAM RM,"Reggiana
Jun 30, 2024 On loan",23,CAM,3100000.0,77,69,10000.0,0.0,1,1828,8,328,322,320,334,162,54,308,Midfield,3
260651,B. Traoré ST RM,"Nantes
Jun 30, 2024 On loan",20,CAM,2500000.0,79,67,10000.0,0.0,1,1696,12,415,333,259,268,94,48,279,Midfield,3
261249,É. Michut CDM CM,"Adana Demirspor
Jun 30, 2024 On loan",20,CM,2800000.0,80,68,16000.0,0.0,1,1807,12,347,286,321,323,192,50,288,Midfield,3
248060,V. Mihăilă LM LW,"Parma
2020 ~ 2025",23,RM,3000000.0,77,71,3000.0,5400000.0,1,1735,6,390,319,259,316,102,45,304,Midfield,3
251436,Tiago Dantas CM CAM,"AZ Alkmaar
Jun 30, 2024 On loan",22,RM,3100000.0,78,69,6000.0,0.0,1,1812,9,396,272,309,347,146,44,298,Midfield,3
252290,S. Esposito CM CDM,"Spezia
2023 ~ 2027",22,CM,2700000.0,77,68,2000.0,4900000.0,1,1815,9,334,311,318,334,181,44,293,Midfield,3
253162,H. Nicolussi Caviglia CM,"Juventus
2019 ~ 2026",23,CAM,1900000.0,75,66,20000.0,3600000.0,1,1719,9,329,298,281,315,166,47,283,Midfield,3
253433,F. Azeez RM ST,"Reading
2019 ~ 2024",22,CAM,2100000.0,74,66,2000.0,4099999.9999999995,1,1741,7,367,342,258,315,107,60,292,Midfield,3
254859,A. Mighten LM RM,"Port Vale
Jun 30, 2024 On loan",21,RM,1600000.0,74,65,11000.0,0.0,1,1512,9,385,269,208,269,87,50,244,Midfield,3
254891,J. Martínez CDM CM,"Philadelphia Union
2020 ~ 2024",28,CDM,3700000.0,74,74,8000.0,5600000.0,1,1799,0,350,343,296,280,226,46,258,Midfield,3
255210,A. Slimane CM CAM,"Sheffield United
2023 ~ 2026",22,CAM,2300000.0,75,67,10000.0,5100000.0,1,1804,8,336,358,301,315,174,50,270,Midfield,3
255257,Joelson Fernandes RM LM,"Hatayspor
2023 ~ 2026",20,CAM,1900000.0,75,66,3000.0,4099999.9999999995,1,1648,9,417,258,255,312,62,55,289,Midfield,3
255558,E. Bayram CB,"Westerlo
Jun 30, 2024 On loan",20,CDM,2100000.0,78,67,8000.0,0.0,1,1605,11,309,264,294,260,209,50,219,Midfield,3
256358,J. Garrett CDM CM,"Blackburn Rovers
2020 ~ 2025",20,CDM,1800000.0,76,66,8000.0,3800000.0,1,1739,10,348,295,305,272,191,63,265,Midfield,3
242573,D. Caicedo CF LM ST,"Junior
2021 ~ 2024",23,RM,2900000.0,76,71,3000.0,4300000.0,1,1814,5,416,291,288,351,120,56,292,Midfield,3
243527,F. Caligara CM,"Ascoli
2022 ~ 2026",23,CM,2800000.0,76,69,2000.0,4900000.0,1,1876,7,341,350,311,327,198,48,301,Midfield,3
243834,L. Ilić CAM CM,"Troyes
2022 ~ 2024",23,CAM,1600000.0,73,67,3000.0,3100000.0,1,1711,6,344,297,273,329,130,47,291,Midfield,3
243849,P. Maghoma CM CDM,"Bolton Wanderers
Jun 30, 2024 On loan",22,CM,1600000.0,73,65,11000.0,0.0,1,1788,8,347,323,301,314,186,51,266,Midfield,3
245061,J. López CDM CM CAM,"Defensa y Justicia
2023 ~ 2026",23,CDM,3300000.0,79,70,7000.0,5600000.0,1,1819,9,352,308,312,309,208,53,277,Midfield,3
245287,Sergio López RB LM,"Basel
2021 ~ 2024",24,RM,1200000.0,71,66,4000.0,1800000.0,1,1797,5,367,308,278,302,188,55,299,Midfield,3
245537,E. Ceïde LW RW,"Sassuolo
2022 ~ 2026",21,RM,2300000.0,76,67,5000.0,4400000.0,1,1573,9,371,274,225,291,100,45,267,Midfield,3
246297,H. Abdelli CAM CM LM,"Angers SCO
2022 ~ 2026",23,CAM,2600000.0,73,71,5000.0,4900000.0,1,1853,3,305,350,334,322,167,56,319,Midfield,3
246444,T. Iwata CDM CM CB,"Celtic
2023 ~ 2026",26,CDM,2800000.0,75,72,32000.0,5300000.0,1,1892,3,369,365,321,284,204,49,300,Midfield,3
246947,P. Akouokou CDM,"Olympique Lyonnais
2023 ~ 2027",25,CDM,2600000.0,74,72,20000.0,5100000.0,1,1798,2,312,309,314,300,215,55,293,Midfield,3
247106,A. Bernabei LB,"Celtic
2022 ~ 2027",22,LM,1500000.0,73,67,13000.0,3000000.0,1,1895,6,404,331,310,329,178,48,295,Midfield,3
236935,H. Wolf LM CAM LWB,"New York City
2024 ~ 2027",24,CAM,2600000.0,72,71,5000.0,4000000.0,1,1848,3,372,344,313,347,102,50,320,Midfield,3
237809,J. Bowler RM RW,"Cardiff City
Jun 30, 2024 On loan",24,LM,1900000.0,72,69,23000.0,0.0,1,1695,3,369,291,249,334,110,55,287,Midfield,3
238049,P. Pomykal CM CDM CAM,"Dallas
2016 ~ 2026",23,CAM,2100000.0,74,69,4000.0,3200000.0,1,1876,5,377,335,299,337,194,46,288,Midfield,3
239744,M. Cuisance CM CAM,"Osnabrück
Jun 30, 2024 On loan",23,CAM,3700000.0,78,71,3000.0,0.0,1,1932,7,364,343,304,381,162,57,321,Midfield,3
239894,R. Kouamé CM CDM,"Cádiz
2023 ~ 2026",26,CDM,3300000.0,73,73,23000.0,6900000.0,1,1928,0,357,372,343,315,210,42,289,Midfield,3
240040,C. Holse RM CM,"Samsunspor
2023 ~ 2027",24,CAM,2400000.0,75,70,8000.0,5000000.0,1,1861,5,401,334,306,329,161,42,288,Midfield,3
240976,M. Saracchi LB LWB,"Boca Juniors
2023 ~ 2027",25,LM,2300000.0,73,71,11000.0,3600000.0,1,1957,3,394,346,344,330,195,46,302,Midfield,3
241150,J. Mbom CM RWB CDM,"Viborg
2023 ~ 2026",23,CDM,1600000.0,73,67,4000.0,2300000.0,1,1830,6,356,334,318,294,196,48,284,Midfield,3
241467,F. Feuillassier LM RM,"SD Eibar
2021 ~ 2024",25,RM,1800000.0,73,70,5000.0,3000000.0,1,1668,3,371,328,252,290,78,47,302,Midfield,3
242006,D. Hashioka RM RWB,"Luton Town
2024 ~ 2027",24,RM,2400000.0,75,70,21000.0,5000000.0,1,1854,5,330,359,305,315,193,40,312,Midfield,3
242250,G. Verón ST RW,"Argentinos Juniors
2020 ~ 2026",22,CAM,3300000.0,77,70,8000.0,5600000.0,1,1806,7,357,343,302,326,113,40,325,Midfield,3
242267,J. Campuzano CDM CM,"Boca Juniors
2019 ~ 2025",27,CDM,3300000.0,75,73,14000.0,5200000.0,1,1745,2,361,320,286,274,218,49,237,Midfield,3
231240,E. Mor RM LM CAM,"Fatih Karagümrük
Jun 30, 2024 On loan",25,RM,3600000.0,74,73,24000.0,0.0,1,1857,1,427,318,289,358,109,49,307,Midfield,3
233373,S. Diarra RM RW LW,"Saint-Étienne
Jun 30, 2024 On loan",24,LM,2600000.0,74,71,13000.0,0.0,1,1752,3,398,252,295,324,136,65,282,Midfield,3
234111,D. Turnbull CM CAM,"Cardiff City
2024 ~ 2027",23,CAM,3000000.0,74,72,12000.0,5900000.0,1,1922,2,319,349,332,368,175,43,336,Midfield,3
234239,G. Hein CAM RM CM,"Auxerre
2020 ~ 2026",26,CAM,1700000.0,70,70,5000.0,3000000.0,1,1766,0,395,302,275,363,100,49,282,Midfield,3
224013,Sergi Canós LM RWB LW,"Valencia
2023 ~ 2027",26,LM,3300000.0,73,73,25000.0,6900000.0,1,1988,0,370,370,339,339,185,60,325,Midfield,3
225653,G. Kerk RM ST,"Antwerp
2023 ~ 2025",27,RM,2500000.0,72,72,21000.0,3800000.0,1,1859,0,396,367,294,314,90,68,330,Midfield,3
225668,K. Grant LM ST,"Cardiff City
Jun 30, 2024 On loan",25,LM,2800000.0,73,72,23000.0,0.0,1,1818,1,378,372,278,312,87,63,328,Midfield,3
228509,J. Reine-Adélaïde CAM CM CF,"RWDM
2023 ~ 2024",25,CAM,2500000.0,74,71,12000.0,3800000.0,2,1878,3,336,332,301,362,148,60,339,Midfield,3
229155,T. Ouwejan LB LM,"Schalke 04
2022 ~ 2024",26,CM,2000000.0,72,71,8000.0,3400000.0,1,1959,1,358,361,310,376,188,51,315,Midfield,3
211513,T. Lawrence CAM LM,"Rangers
2022 ~ 2025",29,CAM,3000000.0,73,73,41000.0,5400000.0,1,1932,0,361,371,315,358,126,50,351,Midfield,3
213937,Aketxe CAM RM,"SD Eibar
2021 ~ 2024",29,CAM,4099999.9999999995,74,74,11000.0,6600000.0,1,1953,0,355,360,309,395,138,64,332,Midfield,3
215071,M. Casco LB RB,"River Plate
2015 ~ 2025",35,CAM,1300000.0,74,74,11000.0,1800000.0,1,2099,0,394,378,361,367,206,54,339,Midfield,3
216349,A. Halilović CAM CM,"Fortuna Sittard
2023 ~ 2024",27,CAM,2000000.0,71,71,10000.0,3000000.0,1,1749,0,328,265,293,382,131,60,290,Midfield,3
216451,J. Seri CDM CM,"Hull City
2022 ~ 2025",31,CM,2100000.0,73,73,14000.0,4000000.0,2,1976,0,347,333,346,376,199,58,317,Midfield,3
219809,T. Bakayoko CDM CM,"Lorient
2023 ~ 2025",28,CDM,2700000.0,73,73,18000.0,5400000.0,2,1796,0,275,348,324,296,217,61,275,Midfield,3
220971,N. Keïta CM,"Werder Bremen
2023 ~ 2026",28,CAM,5500000.0,74,74,24000.0,9900000.0,3,2012,0,381,320,356,365,205,59,326,Midfield,3
221551,E. Mammana CB,"Vélez Sarsfield
2024 ~ 2024",27,CDM,2500000.0,74,72,10000.0,3900000.0,1,1839,2,372,329,307,294,220,51,266,Midfield,3
206516,W. Hughes CM CDM,"Crystal Palace
2021 ~ 2024",28,CM,4200000.0,74,74,34000.0,8000000.0,1,1909,0,293,303,356,357,217,55,328,Midfield,3
211147,V. Lazaro LWB RM LM,"Torino
2023 ~ 2027",27,CAM,2300000.0,72,72,26000.0,3900000.0,2,2004,0,380,340,346,364,194,48,332,Midfield,3
175379,22 Pedro León RM CAM ST,"Fuenlabrada
2021 ~ 2022",34,RM,3500000.0,76,76,9000.0,5400000.0,2,1911,0,322,311,325,407,132,64,350,Midfield,3
179605,23 A. Taarabt CM CAM,"Benfica
2015 ~ 2023",33,CAM,3500000.0,74,74,13000.0,7000000.0,2,1990,0,370,315,368,394,197,24,322,Midfield,3
276600,Lee Hyun Ju CAM CF,"Wehen Wiesbaden
2022 ~ 2025",20,CAM,1900000.0,76,66,4000.0,3300000.0,1,1591,10,384,250,243,290,92,55,277,Midfield,3
278107,I. Camara RM RWB RB,"RWDM
2023 ~ 2026",20,RM,2200000.0,78,67,5000.0,3600000.0,1,1795,11,369,285,294,317,183,62,285,Midfield,3
272911,F. Watson CAM CM LM,"Lanús
2023 ~ 2027",20,CAM,3100000.0,80,69,6000.0,5300000.0,1,1734,11,333,280,308,302,177,42,292,Midfield,3
273458,Matheus Martins LW RW,"Watford
Jun 30, 2024 On loan",19,CAM,3000000.0,78,69,6000.0,0.0,1,1719,9,340,325,277,331,76,48,322,Midfield,3
273663,Pedro Santos CM RM CDM,"Arouca
2023 ~ 2026",22,CDM,2300000.0,77,68,3000.0,5300000.0,1,1845,9,362,325,322,304,210,61,261,Midfield,3
273934,D. González LW RW,"Lazio
2023 ~ 2027",20,CAM,2600000.0,77,68,14000.0,4900000.0,1,1794,9,360,296,300,314,155,46,323,Midfield,3
275785,Ronald RM RW LW,"Swansea City
2024 ~ 2027",22,RM,2600000.0,77,71,14000.0,5500000.0,1,1658,6,388,299,250,281,101,43,296,Midfield,3
270680,A. Pajaziti CDM LM CM,"Fulham
2019 ~ 2025",20,CDM,1100000.0,75,63,9000.0,2300000.0,1,1703,12,318,303,305,281,181,47,268,Midfield,3
270926,N. Pierozzi RB RM LM,"Salernitana
Jun 30, 2024 On loan",21,CAM,2200000.0,78,67,10000.0,0.0,1,1859,11,363,325,303,319,191,62,296,Midfield,3
270999,D. Kameri CAM CM RW,"Grasshopper
Jun 30, 2024 On loan",19,CAM,2400000.0,79,67,4000.0,0.0,1,1785,13,352,344,288,336,110,55,300,Midfield,3
271037,Adu Ares LM RM,"Athletic Club
2022 ~ 2027",21,CAM,3600000.0,80,70,10000.0,8300000.000000001,1,1723,10,394,318,268,330,58,52,303,Midfield,3
271092,M. Usor RM LW RW,"LASK Linz
2024 ~ 2028",21,CAM,3200000.0,77,70,10000.0,5400000.0,1,1807,7,387,337,275,330,116,54,308,Midfield,3
271219,A. Muja RM LM,"Samsunspor
2024 ~ 2027",24,RM,2400000.0,73,71,9000.0,5000000.0,1,1896,2,405,354,312,327,134,57,307,Midfield,3
271247,S. Alvero CDM CM,"Werder Bremen
Jun 30, 2024 On loan",21,CDM,3000000.0,79,69,10000.0,0.0,1,1741,10,276,347,296,298,195,47,282,Midfield,3
271688,Z. Davitashvili LW RM LM,"Bordeaux
2023 ~ 2027",22,CAM,3100000.0,78,69,5000.0,6200000.0,1,1655,9,367,299,249,330,79,58,273,Midfield,3
271689,P. Mboup LM CF RM,"RWDM
2023 ~ 2026",19,CAM,1500000.0,76,65,3000.0,2500000.0,1,1571,11,384,292,219,275,82,59,260,Midfield,3
271693,T. Maswanhise LW,"Leicester City
2021 ~ 2024",20,RM,1200000.0,76,63,7000.0,2900000.0,1,1615,13,368,285,248,296,85,45,288,Midfield,3
268728,A. Salah-Eddine LB CM,"FC Twente
2024 ~ 2027",21,LM,2200000.0,76,67,3000.0,3700000.0,1,1712,9,349,281,291,300,190,63,238,Midfield,3
268903,R. Mundle LM RM,"Sunderland
2024 ~ 2028",20,CAM,1300000.0,75,64,6000.0,2700000.0,1,1614,11,365,278,249,305,113,42,262,Midfield,3
269558,B. Domínguez LM LW,"Gimnasia La Plata
2021 ~ 2025",19,CAM,3000000.0,80,69,5000.0,5100000.0,1,1671,11,368,289,265,321,100,45,283,Midfield,3
270072,M. Sylla LM RM CM,"Arouca
2022 ~ 2025",24,RM,3200000.0,75,72,6000.0,7000000.0,1,1925,3,360,356,327,340,180,54,308,Midfield,3
260145,O. Hutchinson RM CAM,"Ipswich Town
2022 ~ 2025",19,CAM,1800000.0,81,65,3000.0,4500000.0,1,1651,16,366,272,264,304,140,39,266,Midfield,4
70728,K. Wätjen CM,"Borussia Dortmund
2024 ~ 2028",17,CAM,1000000.0,80,62,900.0,2300000.0,1,1644,18,356,267,263,292,161,48,257,Midfield,4
270964,J. Bellingham CM CAM ST,"Sunderland
2023 ~ 2028",17,CAM,2100000.0,82,66,1000.0,5300000.0,1,1784,16,339,315,296,303,187,59,285,Midfield,4
265600,R. Bardghji RW,"København
2021 ~ 2025",17,CAM,3600000.0,85,70,3000.0,6900000.0,1,1728,15,392,296,280,327,91,63,279,Midfield,4
263765,T. Bischof CAM CM,"TSG Hoffenheim
2021 ~ 2025",18,CAM,2600000.0,86,67,4000.0,6000000.0,1,1651,19,344,254,268,324,142,53,266,Midfield,4
266127,L. Hall LB CM,"Newcastle United
Jun 30, 2024 On loan",18,CAM,2300000.0,82,67,7000.0,0.0,1,1806,15,362,280,310,314,190,53,297,Midfield,4
275328,C. Uzun CF CAM CM,"Nürnberg
2023 ~ 2026",17,CAM,3700000.0,84,70,2000.0,8000000.0,1,1718,14,366,330,268,343,60,46,305,Midfield,4
273667,J. Diehl CF ST LM,"FC Köln
2023 ~ 2024",18,CAM,2000000.0,85,65,3000.0,5600000.0,1,1555,20,366,278,242,293,55,38,283,Midfield,4
275522,L. Miller CM,"Motherwell
2022 ~ 2026",16,CAM,1300000.0,83,63,500.0,3600000.0,1,1701,20,333,312,274,307,152,43,280,Midfield,4
278172,E. Mbappé CM,"Paris Saint Germain
2023 ~ 2024",16,CAM,1000000.0,81,62,1000.0,2500000.0,1,1677,19,317,267,277,308,173,55,280,Midfield,4
262242,S. Raebiger CM CAM,"Eintracht Frankfurt
2023 ~ 2024",18,CAM,1100000.0,82,62,2000.0,3000000.0,1,1708,20,356,252,283,310,170,54,283,Midfield,4
265761,C. Volpato CAM CF RW,"Sassuolo
2023 ~ 2025",19,CAM,3600000.0,85,69,5000.0,8400000.0,1,1718,16,310,336,270,338,123,48,293,Midfield,4
266596,J. Fazzini CM CAM,"Empoli
2020 ~ 2027",20,RM,2400000.0,81,67,3000.0,5800000.0,1,1831,14,359,314,315,325,174,51,293,Midfield,4
268737,S. Nypan CAM CM ST,"Rosenborg
2022 ~ 2026",16,CAM,1500000.0,84,63,500.0,3400000.0,1,1651,21,350,256,271,297,145,63,269,Midfield,4
271953,M. Sonko RW LW,"Gent
2024 ~ 2028",18,CAM,1500000.0,84,63,2000.0,3800000.0,1,1517,21,381,302,208,284,45,46,251,Midfield,4
272981,S. Vos CDM CM,"Ajax
2021 ~ 2028",18,CDM,2100000.0,84,66,1000.0,4300000.0,1,1780,18,352,320,300,297,184,58,269,Midfield,4
275050,K. Sabbe RB LB,"Club Brugge
2023 ~ 2025",18,RM,2500000.0,82,68,2000.0,5300000.0,1,1729,16,374,288,276,291,185,54,261,Midfield,4
275298,A. Pavlovic CDM,"FC Bayern München
2023 ~ 2027",19,CDM,2700000.0,82,68,9000.0,6100000.0,1,1724,14,303,292,270,331,201,46,281,Midfield,4
255594,K. Saito LM,"Sparta Rotterdam
2021 ~ 2025",21,CAM,4200000.0,82,71,6000.0,6900000.0,1,1747,11,389,308,274,337,69,51,319,Midfield,4
263953,S. Edozie LW LM RW,"Southampton
2022 ~ 2027",20,RM,2500000.0,82,67,12000.0,6300000.0,1,1581,15,368,276,242,288,89,50,268,Midfield,4
264543,S. Bamba LM,"Borussia Dortmund
2023 ~ 2024",19,RM,1500000.0,80,64,5000.0,3500000.0,1,1476,16,390,235,204,272,68,44,263,Midfield,4
262585,S. Biuk LM RM LW,"Real Valladolid
Jun 30, 2024 On loan",20,RM,4500000.0,83,71,4000.0,0.0,1,1731,12,365,315,286,313,111,57,284,Midfield,4
264180,A. Devine CAM CM,"Plymouth Argyle
Jun 30, 2024 On loan",18,CAM,1800000.0,84,65,6000.0,0.0,1,1723,19,334,288,295,300,159,53,294,Midfield,4
266155,G. Hall CAM CM,"Birmingham City
2021 ~ 2024",18,RM,2200000.0,82,66,2000.0,5600000.0,1,1860,16,390,318,319,312,187,46,288,Midfield,4
267860,V. Gómez CB LB,"Vélez Sarsfield
2022 ~ 2026",20,CDM,3300000.0,81,70,6000.0,5600000.0,1,1692,11,373,299,275,253,211,46,235,Midfield,4
277286,K. Best LWB LB CB,"Preston North End
2023 ~ 2025",17,CM,1400000.0,81,64,500.0,3500000.0,1,1725,17,322,287,288,331,176,57,264,Midfield,4
277954,K. Yıldız CF LM,"Juventus
2023 ~ 2025",18,CAM,2200000.0,83,66,10000.0,5100000.0,1,1675,17,352,315,266,323,64,56,299,Midfield,4
258942,O. Popescu LW RW,"FCSB
2020 ~ 2024",20,CAM,3400000.0,82,69,7000.0,6700000.0,1,1756,13,385,312,270,345,87,61,296,Midfield,4
260910,S. Shoretire CAM ST LW,"Manchester United
2021 ~ 2024",19,CAM,1000000.0,79,62,9000.0,2500000.0,1,1609,17,375,272,267,283,106,36,270,Midfield,4
265514,J. James CM CAM CDM,"Birmingham City
2020 ~ 2025",18,CAM,1700000.0,77,65,2000.0,3600000.0,1,1746,12,337,308,301,287,189,48,276,Midfield,4
266237,P. Wanner CAM LM RM,"Elversberg
Jun 30, 2024 On loan",17,CAM,2300000.0,86,66,2000.0,0.0,1,1643,20,348,259,272,313,126,56,269,Midfield,4
270039,Diego Moreira LM RM,"Chelsea
2023 ~ 2028",18,LM,2800000.0,82,68,11000.0,7100000.0,1,1700,13,394,310,266,313,90,47,280,Midfield,4
270857,Mateus Fernandes CM CAM,"Estoril
Jun 30, 2024 On loan",18,CAM,4300000.0,83,72,3000.0,0.0,1,1891,12,387,320,327,349,165,36,307,Midfield,4
270901,L. Ulrich CM CAM LM,"VfB Stuttgart
2022 ~ 2026",18,CAM,900000.0,81,61,1000.0,2400000.0,1,1689,20,356,310,263,302,129,52,277,Midfield,4
271974,B. Clark CM LW,"Liverpool
2021 ~ 2026",18,CAM,1000000.0,78,62,5000.0,2500000.0,1,1680,16,341,272,278,308,150,55,276,Midfield,4
275196,R. Vata RW LW ST,"Celtic
2021 ~ 2024",18,RM,1500000.0,82,64,5000.0,3600000.0,1,1618,18,397,290,242,285,91,51,262,Midfield,4
258378,M. Godts LW RW,"Ajax
2023 ~ 2027",18,CAM,2200000.0,84,66,2000.0,4500000.0,1,1677,18,384,300,220,316,124,53,280,Midfield,4
264200,C. Humphreys CDM CM LB,"Ipswich Town
2021 ~ 2025",19,LM,1100000.0,76,63,2000.0,2800000.0,1,1732,13,335,303,289,312,173,46,274,Midfield,4
265390,Y. Regeer LB RB CM,"FC Twente
2023 ~ 2027",19,RM,3200000.0,82,69,3000.0,6800000.0,1,1847,13,356,311,314,322,197,57,290,Midfield,4
265412,H. Vale CAM LWB,"Bristol Rovers
2020 ~ 2025",19,CAM,1500000.0,80,64,2000.0,3600000.0,1,1780,16,348,318,271,322,155,64,302,Midfield,4
268460,G. Kuol LM RM,"FC Volendam
Jun 30, 2024 On loan",18,RM,1800000.0,82,65,7000.0,0.0,1,1545,17,389,254,234,285,66,49,268,Midfield,4
269292,G. Prestianni RM CF CM,"Benfica
2024 ~ 2029",17,RM,3000000.0,84,68,700.0,7900000.0,1,1675,16,421,264,288,305,94,52,251,Midfield,4
274927,K. Hlynsson CAM CM RW,"Ajax
2020 ~ 2026",19,CAM,3300000.0,84,69,4000.0,6700000.0,1,1702,15,349,288,275,325,118,49,298,Midfield,4
277820,N. Lahmadi CM CDM,"Toulouse
2023 ~ 2026",18,CAM,1800000.0,82,65,2000.0,4700000.0,1,1789,17,334,308,291,313,181,52,310,Midfield,4
277846,Nico Paz CM CAM,"Real Madrid
2023 ~ 2027",18,CAM,1800000.0,83,65,10000.0,4800000.0,1,1685,18,328,312,280,308,141,59,257,Midfield,4
266681,M. Delorge CM CDM,"Sint-Truiden
2021 ~ 2024",18,CM,3700000.0,83,70,3000.0,7700000.0,1,1793,13,298,331,300,350,177,59,278,Midfield,4
274516,I. Osman LW ST,"Nordsjælland
2023 ~ 2025",18,CAM,2200000.0,84,66,2000.0,4099999.9999999995,1,1608,18,371,289,251,301,70,49,277,Midfield,4
275137,V. Atangana CDM CM,"Stade de Reims 
2022 ~ 2026",17,CDM,2000000.0,82,66,500.0,5300000.0,1,1690,16,319,273,291,285,195,53,274,Midfield,4
256441,V. Pizarro CDM CM,"Colo-Colo
2020 ~ 2024",20,CDM,3900000.0,82,71,6000.0,6200000.0,1,1784,11,355,319,309,278,207,54,262,Midfield,4
261004,A. Forson RM LB CM,"Salzburg
2021 ~ 2027",20,LM,3500000.0,81,70,8000.0,6000000.0,1,1796,11,408,269,283,343,165,43,285,Midfield,4
70651,Kaio César RW LW,"Vitória SC
2024 ~ 2024",19,LM,2600000.0,83,67,2000.0,7100000.0,1,1583,16,396,235,240,309,79,51,273,Midfield,4
260492,Eom Ji Sung LM LW,"Gwangju
2021 ~ 2027",21,RM,3600000.0,81,70,3000.0,5200000.0,1,1769,11,401,318,293,318,105,58,276,Midfield,4
266605,C. Wiley LM LB,"Atlanta United
2022 ~ 2025",18,LM,1500000.0,80,64,700.0,3200000.0,1,1563,16,361,221,253,247,182,62,237,Midfield,4
271417,Y. Medina LM LWB LW,"Independiente del Valle
2022 ~ 2025",18,LM,2000000.0,80,66,500.0,5700000.0,1,1761,14,402,286,282,293,171,61,266,Midfield,4
271482,L. D'Andrea RM RW,"Catanzaro
Jun 30, 2024 On loan",18,LM,2800000.0,83,68,2000.0,0.0,1,1701,15,370,284,253,339,123,40,292,Midfield,4
272596,B. Tahirović CDM CM,"Ajax
2023 ~ 2028",20,CDM,3600000.0,83,70,6000.0,7300000.0,1,1683,13,284,298,299,299,203,43,257,Midfield,4
277283,J. Hinshelwood CDM RB LB,"Brighton & Hove Albion
2022 ~ 2026",18,CAM,2100000.0,82,66,5000.0,5300000.0,1,1842,16,331,329,305,334,190,41,312,Midfield,4
279239,J. Addai RW,"AZ Alkmaar
2020 ~ 2028",17,LM,1800000.0,84,65,600.0,3800000.0,1,1600,19,380,280,221,296,89,55,279,Midfield,4
244874,F. Ranocchia CM CDM,"Palermo
2024 ~ 2028",22,RM,4200000.0,81,71,3000.0,7600000.0,1,1986,10,348,372,320,374,186,45,341,Midfield,4
257353,W. Bondo CM RM,"Monza
2022 ~ 2027",19,CAM,1200000.0,79,63,5000.0,2800000.0,1,1765,16,371,314,303,301,171,49,256,Midfield,4
259522,B. Dárdai CAM,"Hertha BSC
2023 ~ 2024",17,CAM,1800000.0,82,65,500.0,4000000.0,1,1522,17,334,245,238,311,62,52,280,Midfield,4
70004,S. Mayulu CAM RW,"Paris Saint Germain
2024 ~ 2024",17,LM,1300000.0,83,63,2000.0,3700000.0,1,1685,20,332,296,281,330,139,37,270,Midfield,4
271032,M. Smets CB,"Sint-Truiden
2022 ~ 2026",19,CDM,3500000.0,82,70,4000.0,5800000.0,1,1682,12,328,298,274,273,216,45,248,Midfield,4
273884,C. Ordoñez CDM CM,"Vélez Sarsfield
2022 ~ 2025",18,CDM,3200000.0,82,71,2000.0,5400000.0,1,1789,11,381,314,308,301,192,43,250,Midfield,4
273927,E. Agyei RM ST,"Burnley
2023 ~ 2027",18,LM,1000000.0,80,62,3000.0,2600000.0,1,1510,18,364,265,230,273,75,51,252,Midfield,4
274406,P. Dahbo RW LW,"Häcken
2022 ~ 2027",17,CAM,1000000.0,82,61,500.0,2300000.0,1,1564,21,342,287,237,270,128,40,260,Midfield,4
275029,I. Maza CAM,"Hertha BSC
2023 ~ 2024",17,CAM,1500000.0,81,64,500.0,3300000.0,1,1649,17,353,287,253,312,104,55,285,Midfield,4
263701,O. Vargas CM CDM RM,"Seattle Sounders
2021 ~ 2025",17,CAM,1500000.0,80,64,500.0,3200000.0,1,1656,16,370,251,285,296,163,41,250,Midfield,4
264188,T. Fukui CM CAM RW,"Portimonense
Jun 30, 2024 On loan",18,CAM,1100000.0,78,63,4000.0,0.0,1,1650,15,379,240,273,298,163,50,247,Midfield,4
264253,B. Kanuric CM LM RM,"Ingolstadt
2023 ~ 2026",20,CM,1400000.0,78,64,2000.0,2900000.0,1,1751,14,319,320,292,328,170,42,280,Midfield,4
265788,Z. Iqbal CM CAM CDM,"FC Utrecht
2023 ~ 2027",20,CAM,1200000.0,76,63,3000.0,2600000.0,1,1704,14,364,286,286,303,155,38,272,Midfield,4
272602,V. Carboni CAM ST,"Monza
Jun 30, 2024 On loan",18,CAM,1600000.0,84,64,5000.0,0.0,1,1669,20,330,275,267,321,152,52,272,Midfield,4
273616,R. Esse CAM RM,"Millwall
2022 ~ 2026",18,CAM,775000.0,82,60,2000.0,2200000.0,1,1599,22,352,249,266,302,136,51,243,Midfield,4
276216,E. Banzuzi CM CAM,"OH Leuven
2023 ~ 2026",18,CM,2000000.0,80,66,2000.0,4200000.0,1,1740,14,309,347,292,288,168,51,285,Midfield,4
277427,N. O'Reilly CAM CM,"Manchester City
2021 ~ 2024",18,CAM,825000.0,80,61,6000.0,2000000.0,1,1625,19,316,288,266,305,133,47,270,Midfield,4
277561,S. Amo-Ameyaw LW RW,"Southampton
2023 ~ 2026",16,LM,675000.0,80,60,1000.0,2000000.0,1,1493,20,374,251,219,278,77,43,251,Midfield,4
278789,M. Diawara CM,"Olympique Lyonnais
2023 ~ 2027",18,CM,2400000.0,81,67,4000.0,6100000.0,1,1752,14,316,331,298,306,186,37,278,Midfield,4
266236,A. Ibrahimović LW LM CAM,"Frosinone
Jun 30, 2024 On loan",17,CAM,1000000.0,81,62,2000.0,0.0,1,1579,19,331,277,252,301,70,52,296,Midfield,4
268443,D. Gore CM CAM,"Port Vale
2021 ~ 2024",18,CAM,900000.0,81,61,600.0,2500000.0,1,1648,20,371,256,281,296,155,51,238,Midfield,4
269159,M. van Brederode LW,"AZ Alkmaar
2019 ~ 2027",19,CAM,3300000.0,81,69,4000.0,5600000.0,1,1642,12,363,281,259,322,90,53,274,Midfield,4
269852,M. El Arouch CAM,"Olympique Lyonnais
2022 ~ 2025",19,CAM,2000000.0,81,66,5000.0,5100000.0,1,1777,15,382,285,285,336,161,59,269,Midfield,4
270863,S. Borza LB LM,"Rapid Bucuresti
2023 ~ 2027",17,LM,2600000.0,80,68,500.0,5100000.0,1,1842,13,370,336,289,312,193,42,300,Midfield,4
259627,J. Hettwer RM ST,"Borussia Dortmund II
2023 ~ 2027",20,RM,2200000.0,77,67,1000.0,3600000.0,1,1697,10,397,321,279,272,90,59,279,Midfield,4
261143,M. Bulat CM CDM,"Dinamo Zagreb
2021 ~ 2028",21,RM,3100000.0,79,69,500.0,7400000.0,1,1996,10,370,363,312,373,181,55,342,Midfield,4
277448,Eguinaldo LW,"Shakhtar Donetsk
2023 ~ 2028",18,RM,1500000.0,80,64,500.0,4200000.0,1,1475,16,357,252,210,269,78,45,264,Midfield,4
277809,K. Sano RM CAM,"NEC
2023 ~ 2028",19,RM,2000000.0,79,66,2000.0,4300000.0,1,1715,13,371,272,287,300,153,59,273,Midfield,4
278351,K. Zeroli CM CDM,"Milan
2022 ~ 2027",18,CDM,1500000.0,84,66,4000.0,3500000.0,1,1783,18,346,306,293,300,192,60,286,Midfield,4
278660,Zine ST,"AEK Athens
2023 ~ 2028",20,RM,1700000.0,79,65,500.0,4600000.0,1,1658,14,370,322,243,282,89,55,297,Midfield,4
279624,Mahamadou Susoho CDM CM,"Manchester City
2022 ~ 2024",18,CDM,800000.0,80,61,4000.0,2000000.0,1,1666,19,320,268,295,289,183,53,258,Midfield,4
279814,Pau Prim CDM CM,"FC Barcelona
2023 ~ 2027",17,CDM,1300000.0,79,64,1000.0,3500000.0,1,1540,15,314,249,274,264,197,37,205,Midfield,4
269728,J. Bahoya LM CAM,"Eintracht Frankfurt
2024 ~ 2029",18,CAM,2000000.0,80,66,3000.0,4700000.0,1,1681,14,346,293,269,307,124,56,286,Midfield,4
271495,M. Dorgeles CM,"Nordsjælland
2022 ~ 2026",18,LM,1200000.0,79,63,1000.0,2300000.0,1,1626,16,371,254,263,285,160,49,244,Midfield,4
271668,X. Simons CDM CM RB,"Fleetwood Town
Jun 30, 2024 On loan",20,CDM,1300000.0,79,64,3000.0,0.0,1,1735,15,328,319,292,294,185,51,266,Midfield,4
272687,B. Cremaschi CM CAM RM,"Inter Miami
2022 ~ 2025",18,CAM,2400000.0,82,67,1000.0,5100000.0,1,1734,15,349,283,309,299,183,59,252,Midfield,4
273605,S. Homenchenko CM CDM LM,"Real Oviedo
2024 ~ 2024",19,CDM,2400000.0,79,67,2000.0,4300000.0,1,1846,12,330,346,328,311,190,54,287,Midfield,4
274231,O. Perea LM,"Atlético Nacional
2023 ~ 2024",17,RM,2500000.0,83,67,500.0,5100000.0,1,1517,16,335,254,237,281,73,51,286,Midfield,4
274913,C. Bonsu Baah RM LM,"Genk
2023 ~ 2028",18,LM,3200000.0,81,69,3000.0,5400000.0,1,1670,12,401,321,231,314,83,38,282,Midfield,4
276048,M. Fernandez-Pardo LM CAM,"Gent
2023 ~ 2026",18,RM,1000000.0,78,62,1000.0,2100000.0,1,1512,16,339,279,209,295,71,50,269,Midfield,4
276695,S. Charles CDM CB CM,"Southampton
2023 ~ 2027",19,CDM,1900000.0,81,66,6000.0,4800000.0,1,1686,15,292,306,282,304,196,40,266,Midfield,4
263076,R. Wagner CM CDM,"SpVgg Greuther Fürth
Jun 30, 2024 On loan",19,CM,3300000.0,82,69,7000.0,0.0,1,1730,13,342,306,297,297,180,57,251,Midfield,4
263514,A. Kamara CM CDM,"Borussia Dortmund
2021 ~ 2025",18,CM,1000000.0,79,62,2000.0,2300000.0,1,1672,17,348,292,261,292,176,46,257,Midfield,4
264137,O. Gene CDM CM RB,"Amiens SC
2021 ~ 2024",20,CDM,1300000.0,76,64,1000.0,2500000.0,1,1684,12,327,309,276,275,182,51,264,Midfield,4
264179,Yayo CM CDM CAM,"Real Oviedo
2021 ~ 2026",18,CAM,1400000.0,77,64,900.0,3100000.0,1,1690,13,338,269,300,300,179,51,253,Midfield,4
265595,S. Vignato CF ST,"Monza
2021 ~ 2025",19,CAM,1900000.0,81,65,7000.0,4400000.0,1,1606,16,386,251,243,306,102,48,270,Midfield,4
265789,C. Savage CDM CM,"Reading
2023 ~ 2027",20,CM,1500000.0,76,65,1000.0,2900000.0,1,1731,11,302,302,287,326,189,50,275,Midfield,4
267868,S. Braybrooke CDM,"Leicester City
2022 ~ 2026",19,CM,1100000.0,78,63,4000.0,2700000.0,1,1691,15,319,286,271,321,177,49,268,Midfield,4
267899,G. Vidović LW CAM,"Dinamo Zagreb
2022 ~ 2025",19,CAM,2600000.0,83,67,500.0,7300000.0,1,1583,16,340,303,235,312,55,45,293,Midfield,4
258095,J. Aude LB CDM,"LA Galaxy
2023 ~ 2027",20,LM,2300000.0,81,67,2000.0,4900000.0,1,1724,14,360,297,290,289,186,45,257,Midfield,4
258289,J. Sforza CDM CM,"Newell's Old Boys
2020 ~ 2024",21,CM,3700000.0,84,70,6000.0,7900000.0,1,1884,14,347,344,311,338,190,54,300,Midfield,4
260155,P. Jones LM RM,"Huddersfield Town
2020 ~ 2025",20,RM,850000.0,78,61,1000.0,2100000.0,1,1500,17,382,263,211,262,94,55,233,Midfield,4
260479,J. McGlynn CM,"Philadelphia Union
2020 ~ 2025",19,CM,2900000.0,81,68,2000.0,6200000.0,1,1775,13,346,311,274,356,173,42,273,Midfield,4
261530,Dário Essugo CDM CM,"Chaves
Jun 30, 2024 On loan",18,CDM,3100000.0,82,69,2000.0,0.0,1,1784,13,350,323,322,292,200,38,259,Midfield,4
247325,C. Cowell LM ST RM,"San Jose Earthquakes
2019 ~ 2025",19,RM,2400000.0,81,67,2000.0,5000000.0,1,1741,14,397,367,261,287,93,54,282,Midfield,4
245870,H. Hassan RM LM,"Sporting Gijón
Jun 30, 2024 On loan",21,LM,3900000.0,82,70,4000.0,0.0,1,1691,12,415,299,250,317,77,55,278,Midfield,4
70571,Kevin LW,"Shakhtar Donetsk
2024 ~ 2028",20,RM,2900000.0,80,69,500.0,7000000.0,1,1646,12,357,294,264,300,96,41,294,Midfield,4
70996,J. Wright CDM,"Manchester City
2023 ~ 2026",17,CAM,1000000.0,83,63,700.0,2900000.0,1,1662,20,315,270,299,289,172,48,269,Midfield,4
71401,J. Kumi CM,"Sassuolo
2024 ~ 2027",18,RM,1800000.0,82,65,2000.0,4200000.0,1,1747,17,325,315,260,336,156,50,305,Midfield,4
71532,K. Smit CM CAM,"AZ Alkmaar
2023 ~ 2028",17,CAM,1600000.0,84,64,500.0,4000000.0,1,1744,20,343,291,311,308,177,47,267,Midfield,4
277376,C. Cassano CAM RW ST,"Cittadella
2023 ~ 2028",19,CAM,2400000.0,82,68,750.0,5200000.0,1,1721,14,394,287,246,344,106,51,293,Midfield,4
277465,I. Babadi CAM CM LW,"PSV
2021 ~ 2028",18,CAM,2200000.0,83,66,2000.0,4500000.0,1,1612,17,367,237,269,308,126,48,257,Midfield,4
277909,E. Kroupi CF ST,"Lorient
2023 ~ 2026",17,CAM,2300000.0,81,67,2000.0,6000000.0,1,1735,14,340,304,275,330,137,53,296,Midfield,4
278096,L. Amatucci CDM CM,"Ternana
Jun 30, 2024 On loan",19,CM,800000.0,77,61,4000.0,0.0,1,1595,16,318,254,279,286,166,48,244,Midfield,4
278523,Rodri Mendoza CM LM RM,"Elche
2023 ~ 2025",18,CAM,1200000.0,79,63,800.0,2700000.0,1,1569,16,296,265,287,268,163,53,237,Midfield,4
278926,J. Nonge CM,"Juventus
2023 ~ 2026",18,CAM,1500000.0,81,64,6000.0,3500000.0,1,1768,17,327,288,308,318,191,46,290,Midfield,4
279777,J. Ruiz CF LW RW,"Independiente
2023 ~ 2027",18,RM,2400000.0,80,67,2000.0,5100000.0,1,1763,13,354,329,288,339,83,55,315,Midfield,4
272953,A. Duarte LW CAM,"Defensor Sporting
2021 ~ 2026",19,LM,3300000.0,82,69,500.0,9200000.0,1,1704,13,371,334,239,307,99,48,306,Midfield,4
273661,F. González CAM CF RM,"Peñarol
2023 ~ 2025",19,RM,2600000.0,79,68,500.0,6200000.0,1,1751,11,393,298,278,334,101,51,296,Midfield,4
273772,A. Aourir CAM CF,"Bayer 04 Leverkusen
2023 ~ 2025",18,CAM,825000.0,77,61,3000.0,1900000.0,1,1593,16,345,227,248,304,137,62,270,Midfield,4
274465,João Marques CAM LW CF,"Estoril
2021 ~ 2026",21,CAM,3600000.0,81,70,4000.0,8300000.000000001,1,1762,11,351,302,272,342,130,57,308,Midfield,4
274828,Álex Calvo RW RM,"FC Andorra
2023 ~ 2028",19,CAM,2000000.0,78,66,2000.0,3500000.0,1,1687,12,382,280,269,310,106,52,288,Midfield,4
274952,O. Højlund CM CDM,"København
2021 ~ 2024",18,CDM,1000000.0,78,62,1000.0,1900000.0,1,1750,16,362,304,294,290,183,46,271,Midfield,4
275019,E. Diop RM CAM,"Monaco
2022 ~ 2028",18,CAM,2200000.0,82,66,5000.0,5600000.0,1,1664,16,341,273,271,316,123,52,288,Midfield,4
275248,T. Helguera CDM CM,"Nacional
2023 ~ 2026",17,CDM,1500000.0,79,65,500.0,4200000.0,1,1634,14,342,275,294,260,183,59,221,Midfield,4
275372,P. Diallo LM,"Metz
2023 ~ 2026",19,CAM,1000000.0,80,62,2000.0,2600000.0,1,1504,18,330,283,236,282,54,52,267,Midfield,4
275415,Jorge Pascual ST,"Villarreal II
2023 ~ 2026",20,CAM,1700000.0,79,65,2000.0,3700000.0,1,1660,14,323,312,273,305,93,45,309,Midfield,4
275434,B. Castro LM,"Millonarios
2023 ~ 2026",19,LM,2400000.0,80,67,1000.0,4900000.0,1,1525,13,340,280,232,263,89,40,281,Midfield,4
275520,Manu Bueno CM CAM CDM,"Sevilla
2022 ~ 2025",18,CAM,1700000.0,79,65,2000.0,4600000.0,1,1684,14,314,287,300,283,184,55,261,Midfield,4
275861,J. van de Kamp RM RWB CM,"Almere City
2022 ~ 2025",19,CAM,1400000.0,77,64,1000.0,2900000.0,1,1643,13,339,272,294,287,151,52,248,Midfield,4
270403,M. Wörl CDM CM,"DSC Arminia Bielefeld
Jun 30, 2024 On loan",19,CDM,1600000.0,78,65,3000.0,0.0,1,1655,13,310,288,285,263,193,62,254,Midfield,4
270613,M. Doumbia CM CAM CDM,"Antwerp
2023 ~ 2027",19,CAM,1200000.0,79,63,3000.0,2600000.0,1,1705,16,375,323,251,310,137,32,277,Midfield,4
270678,23 J. Bahamboula RW,"Vitória SC
2020 ~ 2023",21,RM,975000.0,77,62,2000.0,2700000.0,1,1606,15,374,314,237,276,93,47,265,Midfield,4
270867,A. Mazilu RM LM,"Vitesse
Jun 30, 2024 On loan",17,CAM,2500000.0,84,67,3000.0,0.0,1,1677,17,361,316,257,306,96,53,288,Midfield,4
270937,L. Harris CAM CM,"Exeter City
Jun 30, 2024 On loan",18,CAM,1300000.0,83,63,5000.0,0.0,1,1598,20,344,267,259,298,112,37,281,Midfield,4
270995,N. Sattlberger CDM,"Rapid Wien
2022 ~ 2025",19,CDM,2300000.0,80,67,4000.0,4800000.0,1,1615,13,283,292,290,269,196,44,241,Midfield,4
271014,J. N'Duquidi CDM,"Metz
2021 ~ 2026",18,CDM,1200000.0,81,63,1000.0,3200000.0,1,1708,18,322,307,296,298,186,51,248,Midfield,4
271984,L. Ambros CAM CM RM,"Freiburg II
Jun 30, 2024 On loan",19,CAM,850000.0,77,61,4000.0,0.0,1,1539,16,331,227,250,302,123,53,253,Midfield,4
268297,23 Gabriel Pereira RM RW,"New York City
2022 ~ 2026",20,CAM,3800000.0,82,70,4000.0,6500000.0,1,1724,12,366,328,260,332,99,42,297,Midfield,4
268330,A. Ojeda RW LW,"New York City
2024 ~ 2028",19,RM,3000000.0,80,69,3000.0,5000000.0,1,1712,11,411,269,267,315,127,48,275,Midfield,4
268402,D. Gjengaar RM RW RWB,"New York RB
2024 ~ 2027",19,RM,850000.0,78,61,850.0,1800000.0,1,1620,17,381,285,252,244,154,55,249,Midfield,4
268437,O. Forson RM CAM,"Manchester United
2021 ~ 2024",18,CAM,825000.0,78,61,5000.0,2100000.0,1,1548,17,343,289,244,291,87,41,253,Midfield,4
268581,S. Toloza CAM CM,"Independiente
2023 ~ 2026",20,CAM,3500000.0,81,70,6000.0,6000000.0,1,1737,11,319,296,299,351,152,48,272,Midfield,4
269084,U. Tohumcu CAM CM,"TSG Hoffenheim
2022 ~ 2028",18,CAM,3100000.0,84,68,5000.0,7200000.0,1,1664,16,352,259,265,329,137,42,280,Midfield,4
270109,Martim Neto CM CDM,"Gil Vicente
Jun 30, 2024 On loan",20,CAM,3300000.0,83,70,5000.0,0.0,1,1817,13,361,328,299,317,167,52,293,Midfield,4
270209,D. Gyabi CDM CM,"Plymouth Argyle
Jun 30, 2024 On loan",19,CM,1200000.0,79,63,4000.0,0.0,1,1668,16,290,306,293,293,173,58,255,Midfield,4
270208,A. Gray CM RB CDM,"Leeds United
2021 ~ 2028",17,CM,5500000.0,86,72,4000.0,13900000.0,1,1963,14,367,342,336,336,210,51,321,Midfield,5
269136,K. Mainoo CDM CM,"Manchester United
2022 ~ 2027",18,CAM,5000000.0,87,72,16000.0,12600000.0,1,1923,15,379,334,317,331,205,49,308,Midfield,5
264388,Moleiro LM CM CAM,"Las Palmas
2021 ~ 2026",19,CAM,23000000.0,87,77,12000.0,52900000.0,1,1937,10,408,339,322,353,155,45,315,Midfield,5
245637,G. Rutter CAM ST,"Leeds United
2023 ~ 2028",21,CAM,17000000.0,86,76,31000.0,35700000.0,1,1901,10,388,379,267,335,135,50,347,Midfield,5
268438,Alejandro Garnacho LM RM,"Manchester United
2021 ~ 2028",19,RM,16000000.0,87,76,49000.0,33600000.0,1,1886,11,423,329,308,345,98,55,328,Midfield,5
263620,R. Lavia CDM CM,"Chelsea
2023 ~ 2030",19,CDM,7000000.0,86,73,32000.0,17700000.0,1,1875,13,359,339,311,333,218,43,272,Midfield,5
266032,J. Bynoe-Gittens LM,"Borussia Dortmund
2022 ~ 2028",18,CAM,10000000.0,86,74,12000.0,19000000.0,1,1711,12,427,298,249,321,70,38,308,Midfield,5
268802,F. Miretti CM CAM,"Juventus
2021 ~ 2027",19,CM,13500000.0,88,75,42000.0,31400000.0,1,2033,13,381,348,351,376,204,52,321,Midfield,5
269859,A. Vermeeren CDM CM,"Atlético Madrid
2024 ~ 2030",18,CM,15000000.0,87,76,12000.0,34500000.0,1,1951,11,374,347,339,351,213,45,282,Midfield,5
253473,S. Ricci CDM CM,"Torino
2022 ~ 2026",21,CDM,16000000.0,86,76,26000.0,30400000.0,1,1975,10,368,354,336,344,224,56,293,Midfield,5
271421,D. Doué LM CAM,"Rennes
2022 ~ 2026",18,CAM,7000000.0,85,73,12000.0,14700000.0,1,1752,12,376,326,252,343,114,46,295,Midfield,5
272781,E. Ben Seghir CF ST,"Monaco
2022 ~ 2027",18,CAM,5500000.0,85,72,14000.0,13900000.0,1,1748,13,380,322,275,329,81,39,322,Midfield,5
274246,L. Miley CM CDM CAM,"Newcastle United
2023 ~ 2027",17,CM,3600000.0,85,70,6000.0,9100000.0,1,1815,15,328,334,297,329,177,45,305,Midfield,5
271975,Stefan Bajcetic CDM CM,"Liverpool
2021 ~ 2027",18,CDM,5000000.0,85,72,15000.0,12400000.0,1,1814,13,332,304,307,327,211,50,283,Midfield,5
262863,A. Nusa LM LW RM,"Club Brugge
2021 ~ 2027",18,RM,5500000.0,86,72,6000.0,11700000.0,1,1848,14,414,323,272,346,137,59,297,Midfield,5
270670,F. Chaïbi LM CM CF,"Eintracht Frankfurt
2023 ~ 2028",20,RM,16500000.0,86,76,25000.0,31400000.0,1,2027,10,350,350,347,368,204,58,350,Midfield,5
257504,B. El Khannouss CAM CM,"Genk
2020 ~ 2027",19,CAM,10000000.0,86,74,9000.0,17000000.0,1,1764,12,392,295,254,371,110,53,289,Midfield,5
265695,M. Soulé RW RM,"Frosinone
Jun 30, 2024 On loan",20,CAM,10000000.0,86,74,57000.0,0.0,1,1859,12,379,315,266,384,108,63,344,Midfield,5
260952,A. Schjelderup LW RW CAM,"Nordsjælland
Jun 30, 2024 On loan",19,CAM,5500000.0,84,72,6000.0,0.0,1,1779,12,394,300,290,338,105,59,293,Midfield,5
267976,Pablo Torre CAM LM CM,"Girona
Jun 30, 2024 On loan",20,CAM,10000000.0,86,74,67000.0,0.0,1,1861,12,377,303,297,381,136,59,308,Midfield,5
256287,F. Farías CAM CF,"Inter Miami
2023 ~ 2026",20,CAM,12500000.0,85,75,7000.0,21300000.0,1,1947,10,420,363,316,351,113,44,340,Midfield,5
267680,A. Fatawu RW,"Leicester City
Jun 30, 2024 On loan",19,CAM,9000000.0,85,74,8000.0,0.0,1,1925,11,407,351,308,365,127,39,328,Midfield,5
270579,W. Odobert LM LW ST,"Burnley
2023 ~ 2028",18,CAM,4400000.0,87,74,10000.0,11600000.0,1,1669,13,393,278,260,308,87,45,298,Midfield,5
266096,Tomás Araújo CB,"Benfica
2019 ~ 2028",21,CDM,7000000.0,87,74,7000.0,18400000.0,1,1725,13,339,313,284,273,211,52,253,Midfield,5
274288,O. Gloukh CAM,"Salzburg
2023 ~ 2027",19,CAM,12000000.0,86,75,11000.0,20400000.0,1,1804,11,380,307,282,370,102,45,318,Midfield,5
265420,Matheus França CAM LM RM,"Crystal Palace
2023 ~ 2028",19,CAM,3600000.0,85,69,10000.0,9100000.0,1,1802,16,384,347,264,326,105,62,314,Midfield,5
269495,F. Buonanotte RM CAM,"Brighton & Hove Albion
2023 ~ 2026",18,CAM,3200000.0,82,69,11000.0,8100000.0,1,1626,13,342,297,247,333,66,47,294,Midfield,5
273018,Andrey Santos CM CDM,"Strasbourg
Jun 30, 2024 On loan",19,CAM,3800000.0,84,70,25000.0,0.0,1,1831,14,352,314,313,305,201,50,296,Midfield,5
273883,C. Casadei CM,"Chelsea
2022 ~ 2028",20,CAM,2900000.0,84,69,24000.0,7300000.0,1,1882,14,329,355,313,331,182,49,323,Midfield,5
277295,O. Bobb RW,"Manchester City
2019 ~ 2029",19,CAM,2900000.0,82,68,24000.0,7200000.0,1,1656,14,383,252,253,324,97,55,292,Midfield,5
260144,C. Patino CM CDM,"Swansea City
Jun 30, 2024 On loan",19,CDM,3100000.0,85,68,18000.0,0.0,1,1800,17,323,287,322,337,193,52,286,Midfield,5
272725,M. Prati CDM CM,"Cagliari
2023 ~ 2028",19,CM,7000000.0,85,73,10000.0,14000000.0,1,1977,12,331,360,335,350,206,55,340,Midfield,5
242332,G. Busio CM CDM,"Venezia
2021 ~ 2025",21,CAM,7000000.0,82,73,3000.0,12600000.0,1,1975,9,390,337,331,360,187,61,309,Midfield,5
275138,L. Camara CM CAM,"Metz
2023 ~ 2026",19,RM,4400000.0,83,71,7000.0,9700000.0,1,1861,12,374,310,313,352,162,61,289,Midfield,5
247181,23 G. Plata RM RW,"Real Valladolid
2022 ~ 2027",21,CAM,23500000.0,86,77,18000.0,54100000.0,1,1925,9,424,326,312,354,127,57,325,Midfield,5
256420,M. Fofana LW LM,"Olympique Lyonnais
2024 ~ 2028",18,CAM,3700000.0,84,70,8000.0,9300000.0,1,1682,14,408,263,250,328,106,50,277,Midfield,5
272350,A. Lescano CM CAM,"Argentinos Juniors
2023 ~ 2027",21,CAM,5000000.0,86,73,8000.0,8500000.0,1,1969,10,342,352,339,366,187,47,336,Midfield,5
252865,Iker Losada RM LM CAM,"Racing Ferrol
2023 ~ 2024",21,CAM,5500000.0,81,72,5000.0,9600000.0,1,1794,9,342,324,297,367,74,47,343,Midfield,5
252371,J. Bellingham CAM CM,"Real Madrid
2023 ~ 2029",20,CAM,128500000.0,92,88,230000.0,273100000.0,4,2282,4,411,408,406,391,233,48,385,Midfield,6
256630,F. Wirtz CAM,"Bayer 04 Leverkusen
2020 ~ 2027",20,CAM,118500000.0,92,87,77000.0,210300000.0,3,2089,5,420,347,340,407,151,57,367,Midfield,6
234378,D. Rice CDM CM,"Arsenal
2023 ~ 2028",24,CDM,88500000.0,88,87,150000.0,170400000.0,3,2158,1,346,397,381,388,256,47,343,Midfield,6
248243,E. Camavinga CM CDM LB,"Real Madrid
2021 ~ 2029",20,CM,71500000.0,90,83,135000.0,160900000.0,3,2193,7,401,389,379,385,239,50,350,Midfield,6
247635,K. Kvaratskhelia LW RW,"Napoli
2022 ~ 2027",22,CAM,109000000.0,92,86,95000.0,207100000.0,2,2074,6,417,388,335,401,111,54,368,Midfield,6
239053,F. Valverde CM RW,"Real Madrid
2016 ~ 2029",24,CM,124000000.0,91,88,270000.0,263500000.0,3,2302,3,409,427,395,402,244,45,380,Midfield,6
256790,J. Musiala CAM LM CM,"FC Bayern München
2020 ~ 2026",20,CAM,134500000.0,93,86,79000.0,248800000.0,3,2090,7,440,344,342,380,195,42,347,Midfield,6
222665,M. Ødegaard CM,"Arsenal
2021 ~ 2028",24,CAM,108000000.0,90,87,170000.0,207900000.0,4,2220,3,400,373,372,433,187,62,393,Midfield,6
246669,B. Saka RW,"Arsenal
2018 ~ 2027",21,LM,99000000.0,90,86,150000.0,190600000.0,2,2196,4,428,381,381,399,182,50,375,Midfield,6
237692,P. Foden LW RW CAM,"Manchester City
2016 ~ 2027",23,CAM,97500000.0,90,86,195000.0,187700000.0,3,2132,4,427,363,358,411,166,52,355,Midfield,6
243812,Rodrygo RW ST,"Real Madrid
2019 ~ 2028",22,CAM,86500000.0,91,85,210000.0,194600000.0,3,2034,6,432,370,324,399,88,42,379,Midfield,6
251854,Pedri CM LW,"FC Barcelona
2020 ~ 2026",20,CM,105000000.0,92,86,165000.0,236300000.0,3,2138,6,422,369,355,402,210,46,334,Midfield,6
228702,F. de Jong CM CDM,"FC Barcelona
2019 ~ 2026",26,CM,103500000.0,90,87,240000.0,219900000.0,4,2244,3,417,379,374,413,229,49,383,Midfield,6
241637,A. Tchouaméni CDM CM CB,"Real Madrid
2022 ~ 2028",23,CDM,58500000.0,89,84,160000.0,124300000.0,3,2158,5,371,403,375,372,246,48,343,Midfield,6
192985,K. De Bruyne CM CAM,"Manchester City
2015 ~ 2025",32,CM,103000000.0,91,91,350000.0,190600000.0,5,2325,0,394,420,407,447,189,56,412,Midfield,6
231866,Rodri CDM CM,"Manchester City
2019 ~ 2027",27,CDM,129500000.0,92,90,260000.0,249300000.0,4,2275,2,356,435,391,410,257,49,377,Midfield,6
264240,Gavi CM LW,"FC Barcelona
2020 ~ 2026",18,CM,68500000.0,90,83,60000.0,154100000.0,3,2070,7,414,330,379,374,209,49,315,Midfield,6
231281,T. Alexander-Arnold RB,"Liverpool
2015 ~ 2025",24,CM,81000000.0,88,86,140000.0,155900000.0,3,2256,2,381,393,377,428,238,56,383,Midfield,6
212622,J. Kimmich CDM RB CM,"FC Bayern München
2015 ~ 2025",28,CDM,70000000.0,87,87,110000.0,115500000.0,4,2311,0,397,400,405,418,243,60,388,Midfield,6
212198,Bruno Fernandes CM CAM,"Manchester United
2020 ~ 2026",28,CM,79500000.0,87,87,220000.0,151100000.0,4,2279,0,386,395,417,420,196,63,402,Midfield,6
182521,T. Kroos CM CDM,"Real Madrid
2014 ~ 2024",33,CM,49000000.0,87,87,260000.0,100500000.0,4,2175,0,326,382,384,431,205,51,396,Midfield,6
218667,Bernardo Silva CM RW,"Manchester City
2017 ~ 2026",28,CM,91500000.0,88,88,270000.0,169300000.0,3,2245,0,422,371,391,416,206,54,385,Midfield,6
241096,S. Tonali CDM CM,"Newcastle United
2023 ~ 2028",23,CDM,84000000.0,89,86,140000.0,165900000.0,3,2279,3,414,415,386,402,248,44,370,Midfield,6
269964,Léo Scienza LW RW CF,"Ulm
2023 ~ 2025",24,CAM,1300000.0,70,68,1000.0,2000000.0,1,1697,2,378,311,246,333,79,46,304,Midfield,7
206274,23 L. Antal RM ST,"Mioveni
2022 ~ 2023",33,RM,375000.0,64,64,2000.0,506000.0,1,1703,0,337,314,278,314,112,46,302,Midfield,7
216227,K. Jackson RM ST,"Ipswich Town
2018 ~ 2024",29,RM,700000.0,65,65,6000.0,1300000.0,1,1686,0,379,317,264,247,125,63,291,Midfield,7
231408,J. Leko ST RW LW,"Burton Albion
Jun 30, 2024 On loan",24,RM,800000.0,67,64,5000.0,0.0,1,1666,3,392,330,255,260,97,46,286,Midfield,7
220019,M. Harness LM,"Ipswich Town
2022 ~ 2025",27,LM,1100000.0,67,67,7000.0,2100000.0,1,1711,0,393,310,248,306,117,47,290,Midfield,7
225632,O. Burke RM ST,"Birmingham City
Jun 30, 2024 On loan",26,RM,1300000.0,68,68,10000.0,0.0,1,1764,0,372,358,271,309,99,53,302,Midfield,7
233051,L. Bolton RWB RM RW,"Wrexham
2024 ~ 2026",23,RM,775000.0,68,64,4000.0,1400000.0,1,1777,4,390,323,295,290,158,44,277,Midfield,7
204830,Vadillo LM ST RM,"Racing Ferrol
2023 ~ 2024",28,LM,1400000.0,69,69,5000.0,2200000.0,1,1750,0,378,310,292,338,86,43,303,Midfield,7
176993,22 Bojan CF ST CAM,"Vissel Kobe
2021 ~ 2023",30,CAM,1000000.0,67,67,4000.0,1300000.0,2,1673,0,335,281,264,353,68,48,324,Midfield,7
271321,Vitinho CM CDM LM,"Arouca
2022 ~ 2025",23,CAM,1400000.0,72,65,2000.0,3200000.0,1,1772,7,339,324,288,315,161,43,302,Midfield,7
276365,M. Brandt CM CAM CDM,"Ulm
2023 ~ 2025",22,CAM,1000000.0,69,66,700.0,1500000.0,1,1670,4,355,289,268,290,149,51,268,Midfield,7
263918,L. Thompson CDM CM,"Derby County
2020 ~ 2024",21,CDM,825000.0,69,64,2000.0,1500000.0,1,1667,5,328,258,296,298,182,55,250,Midfield,7
264245,K. Mizuta CAM CM LM,"DSC Arminia Bielefeld
2023 ~ 2025",23,CAM,1200000.0,71,64,2000.0,2000000.0,1,1641,7,342,274,270,290,127,49,289,Midfield,7
264247,B. Bobzien CF ST RW,"Austria Lustenau
Jun 30, 2024 On loan",20,CAM,550000.0,71,60,3000.0,0.0,1,1508,11,334,245,236,285,84,60,264,Midfield,7
261401,Kang Seong Jin RM RW,"Seoul
2021 ~ 2026",20,LM,1300000.0,72,64,2000.0,1900000.0,1,1579,8,365,296,247,291,76,41,263,Midfield,7
255049,A. Odoh LM RM RWB,"Harrogate Town
2023 ~ 2025",22,RM,500000.0,67,60,2000.0,975000.0,1,1665,7,399,307,275,255,142,44,243,Midfield,7
244188,S. Abifade LM ST,"Waldhof Mannheim
2023 ~ 2026",23,LM,600000.0,67,63,1000.0,915000.0,1,1568,5,375,308,238,267,100,49,231,Midfield,7
244715,T. Perry CM,"Shrewsbury Town
2023 ~ 2025",21,CAM,900000.0,70,62,2000.0,1800000.0,1,1702,8,342,293,277,321,150,54,265,Midfield,7
245903,H. White CDM CM LB,"Stevenage
2023 ~ 2025",21,CAM,850000.0,70,62,1000.0,1700000.0,1,1786,8,337,291,303,328,178,60,289,Midfield,7
236799,21 Caballero CM CAM,"Mirandés
2020 ~ 2022",26,CM,675000.0,65,64,2000.0,1100000.0,1,1685,1,297,300,288,297,160,56,287,Midfield,7
238346,H. Mendyl LM LB LWB,"OH Leuven
2022 ~ 2025",25,LM,1400000.0,69,68,6000.0,2100000.0,1,1810,1,387,317,311,283,183,57,272,Midfield,7
238846,T. Archibald LM RM LWB,"Leyton Orient
2022 ~ 2024",25,LM,850000.0,66,65,2000.0,1600000.0,1,1787,1,370,331,294,301,168,50,273,Midfield,7
230972,A. Ba Loua RM,"Lech Poznań
2021 ~ 2025",26,RM,1100000.0,67,67,4000.0,1500000.0,1,1708,0,411,290,260,324,69,56,298,Midfield,7
231848,Q. Boisgard LM CM,"Lorient
2020 ~ 2024",26,LM,1300000.0,68,68,9000.0,2600000.0,1,1817,0,311,325,318,341,169,42,311,Midfield,7
233222,K. Jóźwiak RM LM,"Granada
2024 ~ 2025",25,RM,1700000.0,68,69,9000.0,3900000.0,1,1722,1,397,317,257,293,127,54,277,Midfield,7
211595,G. Evans CDM CM CB,"Wrexham
2023 ~ 2025",28,CDM,750000.0,66,66,6000.0,1300000.0,1,1808,0,311,334,295,312,194,61,301,Midfield,7
218623,Cafú CDM CM,"Rotherham United
2023 ~ 2024",30,CDM,850000.0,67,67,6000.0,1600000.0,1,1896,0,300,367,349,313,188,56,323,Midfield,7
220763,R. Thomas CM CAM CDM,"PEC Zwolle
2022 ~ 2024",28,CAM,1000000.0,67,67,5000.0,1500000.0,1,1832,0,356,299,340,335,166,45,291,Midfield,7
201877,M. Dæhli CAM CM,"Molde
2024 ~ 2027",28,CAM,1400000.0,69,69,4000.0,1800000.0,1,1696,0,385,303,267,342,102,44,253,Midfield,7
206083,J. Murphy LM RM LW,"Oxford United
2022 ~ 2024",28,LM,1000000.0,67,67,5000.0,1800000.0,1,1675,0,396,293,254,305,84,62,281,Midfield,7
206436,23 Y. Benzia CAM CM,"Dijon
2020 ~ 2023",27,CAM,1500000.0,69,69,4000.0,2600000.0,2,1863,0,346,332,333,354,117,51,330,Midfield,7
211003,Jung Woo Young CDM CB CM,"Al Khaleej
2023 ~ 2024",33,CDM,800000.0,70,70,7000.0,1300000.0,1,1814,0,289,352,326,319,189,50,289,Midfield,7
192476,Fontàs CB,"Sporting Kansas City
2018 ~ 2026",33,CDM,750000.0,70,70,5000.0,1100000.0,1,1712,0,223,315,301,310,208,66,289,Midfield,7
193092,M. Rojas LM RM,"Brisbane Roar
2024 ~ 2024",31,LM,1200000.0,69,69,3000.0,1500000.0,1,1746,0,384,258,286,344,141,44,289,Midfield,7
167519,20 E. Juárez RB,"Vålerenga
2019 ~ 2019",31,CDM,550000.0,67,67,2000.0,688000.0,1,1812,0,325,336,322,312,191,45,281,Midfield,7
276491,S. Altunashvili CM CDM CAM,"Wolfsberger AC
2023 ~ 2025",26,CAM,875000.0,67,65,4000.0,1300000.0,1,1781,2,356,287,316,312,182,56,272,Midfield,7
275553,M. Tonetto LM LB,"FeralpiSalò
2022 ~ 2024",22,LM,1200000.0,71,64,950.0,2100000.0,1,1775,7,365,308,290,305,181,52,274,Midfield,7
271743,A. Cozier-Duberry LW CAM,"Arsenal
2022 ~ 2024",18,LM,575000.0,77,59,6000.0,1400000.0,1,1486,18,332,246,252,256,80,52,268,Midfield,8
261390,C. Webster CM CDM CAM,"SC Heerenveen
2021 ~ 2024",19,CAM,525000.0,74,58,800.0,1100000.0,1,1585,16,322,263,255,305,143,43,254,Midfield,8
278773,M. Lewis-Skelly CM CDM,"Arsenal
2023 ~ 2025",16,CAM,625000.0,81,58,2000.0,1800000.0,1,1605,23,312,268,268,282,159,48,268,Midfield,8
276694,J. Manzambi CM,"Freiburg II
2023 ~ 2025",17,RM,450000.0,77,56,500.0,1100000.0,1,1578,21,338,274,249,257,161,48,251,Midfield,8
267796,S. Ngoma RM ST,"New York RB
2022 ~ 2025",17,RM,650000.0,78,58,500.0,1600000.0,1,1509,21,376,275,231,244,110,52,221,Midfield,8
270032,E. Omić CDM CM CB,"Wolfsberger AC
2022 ~ 2025",20,CDM,1200000.0,75,64,2000.0,2000000.0,1,1746,11,306,335,284,320,181,52,268,Midfield,8
255335,J. Marshall-Rutty RB CM LM,"Toronto
2020 ~ 2024",19,RM,550000.0,75,60,650.0,1100000.0,1,1590,15,382,238,243,277,166,55,229,Midfield,8
277801,I. Jenner CDM CM,"FC Utrecht
2021 ~ 2026",19,CAM,725000.0,74,61,1000.0,1500000.0,1,1655,13,332,290,265,282,175,55,256,Midfield,8
269831,P. Aning LB LM,"Borussia Dortmund II
2022 ~ 2026",19,LM,900000.0,74,62,500.0,1900000.0,1,1604,15,398,227,270,262,158,59,230,Midfield,8
269973,K. Borys CDM,"Westerlo
2024 ~ 2026",16,CDM,600000.0,78,58,500.0,1500000.0,1,1613,22,341,242,272,285,178,51,244,Midfield,8
271169,H. Akman CM,"Galatasaray
2022 ~ 2024",18,CAM,525000.0,76,58,2000.0,1300000.0,1,1602,18,360,244,250,297,145,61,245,Midfield,8
271305,M. De Lima RW RM LM,"Bordeaux
2023 ~ 2026",19,LM,1100000.0,76,63,1000.0,2700000.0,1,1479,13,351,221,224,294,77,51,261,Midfield,8
275647,J. Arizala RM,"Independiente Medellín
2024 ~ 2028",17,LM,1000000.0,79,62,500.0,2000000.0,1,1448,17,367,275,204,245,73,45,239,Midfield,8
276395,F. Rózga LM,"Cracovia Kraków
2023 ~ 2026",16,LM,650000.0,81,58,500.0,1500000.0,1,1362,23,306,227,192,269,79,54,235,Midfield,8
276583,L. Burcu LM,"Sandhausen
2023 ~ 2025",18,CAM,1100000.0,75,63,550.0,1800000.0,1,1665,12,358,287,271,282,148,53,266,Midfield,8
265197,A. Benarous CAM LM CM,"Bristol City
2021 ~ 2025",19,CAM,950000.0,76,62,4000.0,2400000.0,1,1546,14,364,239,234,301,122,53,233,Midfield,8
256306,Ö. Beyaz CAM CM RW,"Hatayspor
May 31, 2024 On loan",19,CAM,950000.0,75,62,2000.0,0.0,1,1612,13,359,211,255,306,158,44,279,Midfield,8
70230,L. Orford CDM CM,"West Ham United
2022 ~ 2025",17,CM,425000.0,77,57,500.0,1200000.0,1,1538,20,298,268,261,270,153,53,235,Midfield,8
276992,M. Molendowski CAM,"Radomiak Radom
2023 ~ 2026",16,CAM,350000.0,75,54,500.0,823000.0,1,1425,21,299,251,217,273,96,55,234,Midfield,8
277754,M. Puch CDM,"Ajaccio
2023 ~ 2027",19,CDM,725000.0,74,61,700.0,1700000.0,1,1614,13,366,253,278,283,177,61,196,Midfield,8
277870,C. Favasuli CM,"Ternana
Jun 30, 2024 On loan",19,RM,575000.0,74,60,4000.0,0.0,1,1622,14,313,267,286,280,160,46,270,Midfield,8
277871,D. Tıknaz CDM CM,"Beşiktaş
2023 ~ 2026",18,CM,500000.0,72,61,1000.0,1300000.0,1,1594,13,294,287,273,281,153,50,256,Midfield,8
279124,B. Ibrahim CDM,"Hertha BSC
2024 ~ 2027",18,CDM,725000.0,76,61,650.0,1600000.0,1,1591,15,303,280,260,277,172,52,247,Midfield,8
279473,F. Rispoli CAM RW,"Como
2024 ~ 2026",16,CAM,625000.0,79,60,500.0,1400000.0,1,1661,19,365,279,269,312,112,48,276,Midfield,8
279475,M. Smits CM CDM,"Antwerp
2023 ~ 2025",18,CAM,525000.0,73,59,2000.0,1100000.0,1,1576,14,340,276,253,294,140,42,231,Midfield,8
273678,G. Gheorghe CAM LM CM,"Rapid Bucuresti
2023 ~ 2024",16,CAM,525000.0,81,57,500.0,1200000.0,1,1468,24,352,239,243,272,113,44,205,Midfield,8
275071,E. Gökay RM,"Sivasspor
2022 ~ 2025",17,LM,500000.0,77,58,500.0,1300000.0,1,1392,19,339,245,197,252,67,54,238,Midfield,8
275881,Víctor Barberá ST RW,"Club Brugge
2023 ~ 2027",18,CAM,1700000.0,74,64,2000.0,2900000.0,1,1596,12,387,311,226,282,52,39,299,Midfield,8
276066,D. Marczuk RM,"Jagiellonia Białystok
2023 ~ 2026",19,RM,950000.0,76,62,1000.0,1900000.0,1,1614,14,338,281,259,269,155,47,265,Midfield,8
271567,C. Medina CAM,"San Jose Earthquakes
2022 ~ 2024",16,CAM,700000.0,80,59,500.0,1800000.0,1,1442,21,299,226,240,265,139,54,219,Midfield,8
267849,T. O'Reilly CM CAM RM,"Aston Villa
2020 ~ 2025",19,CAM,775000.0,76,61,6000.0,2000000.0,1,1671,15,325,261,276,305,160,63,281,Midfield,8
268685,J. Hopkins CAM CM,"DC United
2022 ~ 2025",19,RM,375000.0,74,56,800.0,778000.0,1,1422,18,302,259,246,243,108,39,225,Midfield,8
268791,A. Florenzi CM LM RM,"Cosenza
2021 ~ 2026",21,RM,1600000.0,75,65,800.0,2800000.0,1,1733,10,350,315,286,302,150,59,271,Midfield,8
268916,M. Krattenmacher ST CM LM,"Unterhaching
2022 ~ 2025",17,CAM,825000.0,78,61,500.0,1700000.0,1,1595,17,376,301,239,269,96,53,261,Midfield,8
269993,M. Loune CM CAM,"Eintracht Frankfurt
2022 ~ 2025",19,CAM,575000.0,78,59,3000.0,1300000.0,1,1589,19,335,238,248,308,136,59,265,Midfield,8
